GTR1 ID,Index,Ticker Symbol,Company Name,CUSIP,field1=styp.a,field2=dspo:1,field16=ord:1,field10=perendq1.s,[Q1End],"field17=linear:1,field16,-1,field12",field39=sic.a,"field40=if:field39et6510!6512!6531!6798,1,0",[RealEstOps],field42=trbc2.s,"field43=ifet:field42,55,1,0",field46=fincd12.a,[Finance],[Financial],field3=shrinst.s,field4=float.s,field5=epsq1.s,field6=epsq5.s,field7=salesq1.s,field8=salesq5.s,"field9=trp:1,126","field13=agv:1,10",field18=gtoa.a,"field19=ratio:field13,field18","field20=linear:1,field5,-1,field6","field21=linear:1,field7,-1,field8",field24=csoq1d.s,field25=sprc,"field26=product:field24,field25",[MktCap],field31=fcfps12mq1d.s,"field32=ratio:field25,field31",[PFCF],"field14=agv:1,63",[VR],"field36=ratio:field14,field18","field37=ratio:field9,field36",[SORT],,,,,,
42012,9025,SBOW,SILVERBOW RESORCES INC,'82836G102,11,1032,25247,25197,25197,50,1311,0,0,50,0,4,0,0,74.6,10.957,2.359,-0.495,86.7,53.4,334.5489,5029214,26.33708,190955.6,2.854,33.3,12.19697,22.64,276.1394,276.1394,8.74,2.590389,2.590389,3068941,1.638746,116525.5,0.002871036,0.004704898,,,,,,
2872,984,COKE,COCA COLA CONSOLIDATED INC,'191098102,11,9734,25247,25198,25198,49,2080,0,0,54,0,1,0,0,50.2,4.68,5.693,1.564,1269.9,1173,66.1143,226550.5,5.470953,41409.7,4.129,96.90002,9.373598,432.23,4051.55,4051.55,31.24,13.83579,13.83579,167047.5,1.356204,30533.53,0.002165302,0.002936591,,,,,,
15039,2387,LEE,LEE ENTERPRISES INC,'523768406,11,12925,25247,25194,25194,53,2711,0,0,53,0,1,0,0,34.5,5.06,-0.198,-0.949,192.4,121.4,159.4828,70304.17,2.182038,32219.5,0.751,70.99999,5.875725,30.1,176.8593,176.8593,12.87,2.338772,2.338772,93898.25,0.7487272,43032.37,0.003706112,0.002774867,,,,,,
18778,4940,HOV,HOVNANIAN ENTERPRISES INC CL A,'442487401,11,9512,25247,25155,25155,92,1531,0,0,53,0,12,0,0,44.8,5.444,3.046,-1.485,574.7,494.1,161.4385,4963426,23.13597,214532.8,4.531,80.60001,6.151307,94.51001,581.3601,581.3601,24.9,3.795583,3.795583,2600251,1.908826,112389.9,0.001436414,0.002741863,,,,,,
41510,367,CLGN,COLLPLANT BIOTECHNOLOGIES LTD,'M2R51X116,12,846,25247,25197,25197,50,8731,0,0,56,0,12,0,0,18.3,6.507,1.203,-0.24,14.5,0.6,101.4328,291410.8,8.822826,33029.2,1.443,13.9,9.914383,16.87,167.2556,167.2556,0.97,17.39175,17.39175,349673.8,0.8333791,39632.86,0.002559311,0.002132877,,,,,,
40810,2610,QRHC,QUEST RESOURCE HOLDING CORP,'74836W203,11,1779,25247,25197,25197,50,4953,0,0,52,0,12,0,0,46.5,14.495,0.062,-0.015,35.1,25.3,194,3398862,27.94829,121612.5,0.077,9.799999,18.71154,5.88,110.0238,110.0238,0.36,16.33333,16.33333,3188252,1.066058,114076.8,0.001700609,0.001812947,,,,,,
4326,7801,CPAC,CEMENTOS PACASMAYO S A A ADS,'15126Q208,31,2350,25247,25197,25197,50,3241,0,0,51,0,3,0,0,6.1,50.426,0.096,0.032,120.1,77.3,5.92885,337639.6,9.351628,36104.9,0.064,42.8,90.70694,8.04,729.2838,729.2838,0.63,12.7619,12.7619,103045.3,3.276613,11018.97,0.0005380586,0.00176301,,,,,,
23177,6004,IMBI,IMEDIA BRANDS INC CL A,'452465206,11,7545,25247,25155,25155,92,5960,0,0,53,0,9,0,0,27.8,13.627,-0.209,-2.301,124.8,123.6,63.8418,3575566,8.900196,401740.1,2.092,1.200005,16.3859,8.7,142.5573,142.5573,0.79,11.01266,11.01266,1126845,3.173075,126609,0.0005042435,0.001600003,,,,,,
41600,8761,GPP,GREEN PLAINS PARTNERS LP,'393221106,71,1500,25247,25197,25197,50,4922,0,0,50,0,8,0,0,24.3,11.406,0.463,0.448,20.4,20.3,46.36132,436086.6,8.453895,51584.11,0.01499999,0.1000004,23.20754,12.67,294.0396,294.0396,1.45,8.737931,8.737931,332283.2,1.312394,39305.34,0.001179517,0.001547992,,,,,,
2536,3789,JOUT,JOHNSON OUTDOORS INC CL A,'479167108,11,8485,25247,25198,25198,49,3940,0,0,53,0,1,0,0,76.4,8.165,2.763,2.032,206.2,163.1,42.2207,412492,12.9141,31941.2,0.7309999,43.09999,10.11801,124.1,1255.645,1255.645,5.28,23.50379,23.50379,448178.3,0.9203747,34704.56,0.001216575,0.001119705,,,,,,
27146,8217,ZEUS,OLYMPIC STEEL INC,'68162K106,11,6862,25247,25197,25197,50,5050,0,0,51,0,9,0,0,72.1,9.292,1.915,0.052,463.1,354.4,123.359,2991058,12.50033,239278.4,1.863,108.7,11.07812,35.12,389.0636,389.0636,3.42,10.26901,10.26901,2079948,1.438045,166391.5,0.0007413779,0.001066134,,,,,,
43953,543,MEC,MAYVILLE ENGINEERING COMPANY INC,'578605107,11,527,25247,25197,25197,50,3545,0,0,53,0,3,0,0,78.1,19.673,0.126,0.003,112.6,108.6,44.35859,723753.8,15.82321,45740,0.123,4,20.39515,18.68,380.9815,380.9815,1.35,13.83704,13.83704,695297.1,1.040927,43941.59,0.00100949,0.001050806,,,,,,
34575,586,USIO,USIO INC,'917313108,11,1469,25247,25197,25197,50,7374,0,0,52,0,6,0,0,36.2,15.807,-0.036,-0.064,13.5,7.8,201.8692,1.175948E+08,1037.085,113389.8,0.028,5.7,25.05311,6.460001,161.8431,161.8431,1.16,5.568965,5.568965,1.533049E+08,0.7670649,147823,0.001365614,0.001047515,,,,,,
37611,6124,EGLE,EAGLE BULK SHIPPING INC,'Y2187A150,12,4019,25247,25197,25197,50,4412,0,0,52,0,12,0,0,80.9,12.294,0.84,-0.344,96.6,74.4,162.7075,1.447769E+10,90416.83,160121.7,1.184,22.2,12.55375,50.65,635.8472,635.8472,3.63,13.95317,13.95317,1.485508E+10,0.9745957,164295.5,0.0009903344,0.0009651757,,,,,,
4554,7346,TGLS,TECNOGLASS INC,'G87264100,12,2286,25247,25197,25197,50,9999,0,0,53,0,12,0,0,20.8,20.823,0.171,-0.407,110.9,87.3,313.9898,6243548,7.77606,802919.3,0.578,23.6,47.67554,22.71,1082.712,1082.712,1.65,13.76364,13.76364,4012681,1.555954,516030.1,0.000608472,0.0009467547,,,,,,
32587,6141,CRAI,CRA INTERNATIONAL INC,'12618T105,11,5821,25247,25198,25198,49,8748,0,0,52,0,12,0,0,94.6,7.053,1.371,0.825,146.5,126.2,61.25302,574120.6,18.12988,31667.1,0.5460001,20.3,7.323124,83.95,614.7762,614.7762,8.71,9.638347,9.638347,861043.5,0.6667731,47493.07,0.001289725,0.0008599541,,,,,,
24414,2639,UFI,UNIFI INC,'904677200,11,12222,25247,25194,25194,53,2282,0,0,53,0,1,0,0,76,16.387,0.257,-2.225,178.9,171,45.96634,44091.13,0.6859828,64274.4,2.482,7.899994,18.4913,25.15,465.0561,465.0561,1.66,15.1506,15.1506,41660.57,1.058342,60731.22,0.0007568815,0.0008010395,,,,,,
6374,2758,BSET,BASSETT FURNITURE INDUSTRIES INC,'070203104,11,12228,25247,25174,25174,73,2511,0,0,53,0,2,0,0,56.9,9.255,0.404,0.121,113.7,112.1,66.81515,115908.2,1.51642,76435.41,0.283,1.599998,9.910004,30.7,304.2371,304.2371,3.44,8.924418,8.924418,123211.1,0.9407285,81251.28,0.0008223273,0.0007735868,,,,,,
25451,910,SCVL,SHOE CARNIVAL INC,'824889109,11,7112,25247,25155,25155,92,5660,0,0,53,0,9,0,0,71.5,8.187,0.528,0.248,253.9,239.9,77.61048,675564.5,5.03002,134306.5,0.28,14,14.17345,67.91,962.519,962.519,3.15,21.55873,21.55873,625429.2,1.080161,124339.3,0.000624183,0.0006742184,,,,,,
44721,2706,ONEW,ONEWATER MARINE INC CL A,'68280L101,11,338,25247,25197,25197,50,2451,0,0,53,0,12,0,0,80.4,9.081,1.878,0.178,329.6,190,59.91333,1186794,14.3773,82546.39,1.7,139.6,15.0384,44.28,665.9002,665.9002,43.26,1.023578,1.023578,1258342,0.9431417,87522.79,0.0006845454,0.0006456234,,,,,,
45601,7724,CEIX,CONSOL ENERGY INC,'20854L108,11,888,25247,25197,25197,50,1231,0,0,50,0,4,0,0,80.2,33.746,0.772,0.091,333.1,291,193.0899,2.074518E+07,51.98089,399092.5,0.681,42.10001,34.43716,17.58,605.4053,605.4053,2.55,6.894118,6.894118,1.822062E+07,1.138555,350525.3,0.0005508586,0.000627183,,,,,,
43660,7795,ATCX,ATLAS TECHNICAL CONSULTANTS INC CL A,'049430101,11,612,25247,25198,25198,49,8711,0,0,52,0,12,0,0,32.6,26.469,-0.598,-0.758,123.3,109.3,30.76924,1560987,9.425599,165611.4,0.16,14,36.01905,10.03,361.2711,361.2711,0.83,12.08434,12.08434,874642.2,1.784714,92794.34,0.0003315853,0.0005917851,,,,,,
39510,5373,TITN,TITAN MACHINERY INC,'88830R101,11,3401,25247,25155,25155,92,5080,0,0,52,0,9,0,0,76.6,19.399,0.034,0.03,436.7,351,63.02906,3311810,8.363309,395992.8,0.004000003,85.70001,22.51897,31.97,719.9313,719.9313,7.49,4.268358,4.268358,1863874,1.776842,222863.2,0.000282815,0.0005025177,,,,,,
26205,3447,MOV,MOVADO GROUP INC,'624580106,11,6974,25247,25218,25218,29,3873,0,0,53,0,3,0,0,86.9,16.559,0.403,-6.482,134.8,69.7,82.78919,472211.5,2.350702,200881.1,6.885,65.10001,23.37901,31.32589,732.3684,732.3684,2.99,10.47689,10.47689,432407.8,1.092051,183948.4,0.0004500675,0.0004914967,,,,,,
12793,1951,HVT,HAVERTY FURNITURE COMPANIES INC,'419596101,11,11039,25247,25197,25197,50,5712,0,0,53,0,9,0,0,95,15.69,1.065,0.096,236.5,179.5,96.06747,31563.23,0.1640887,192354.7,0.969,57,18.26429,50.61,924.3555,924.3555,5.25,9.639999,9.639999,31884.03,0.9899386,194309.7,0.0004944038,0.0004894294,,,,,,
37591,4225,CTRN,CITI TRENDS INC,'17306X102,11,4044,25247,25155,25155,92,5600,0,0,53,0,9,0,0,93.5,8.848,1.827,0.841,251.9,211,101.3295,4279138,13.98574,305964.4,0.986,40.89999,9.417566,84.8,798.6096,798.6096,9.1,9.318681,9.318681,3535980,1.210171,252827.5,0.0004007852,0.0004850184,,,,,,
40834,8297,LE,LANDS END INC,'51509F105,11,1808,25247,25218,25218,29,5651,0,0,53,0,9,0,0,42.5,14.036,0.081,-0.636,321.3,217,72.44133,1.548772E+07,41.55739,372682.6,0.717,104.3,32.7503,34.54,1131.195,1131.195,3.35,10.31045,10.31045,9963125,1.554504,239743.8,0.0003021615,0.0004697112,,,,,,
12878,656,IIN,INTRICON CORP,'46121H109,11,14182,25247,25197,25197,50,3670,0,0,56,0,6,0,0,68.8,8.43,0.079,-0.225,31.8,21.5,24.48156,40947.79,0.9644599,42456.7,0.304,10.3,9.073582,21.61,196.0801,196.0801,1.06,20.38679,20.38679,45667.68,0.8966469,47350.52,0.0005170283,0.0004635918,,,,,,
39846,3176,MYRG,MYR GROUP INC,'55405W104,11,3211,25247,25197,25197,50,9999,0,0,52,0,12,0,0,93.3,16.41,1.189,0.597,592.5,518.5,53.27772,2308390,13.92666,165753.3,0.592,74,16.82717,90.02,1514.782,1514.782,9.26,9.721382,9.721382,1942767,1.188197,139499.9,0.0003819195,0.0004537956,,,,,,
22758,1058,RDNT,RADNET INC,'750491102,11,3606,25247,25197,25197,50,8071,0,0,56,0,10,0,0,68.1,45.059,0.182,-0.325,315.3,281.6,58.56998,4387166,13.91455,315293.3,0.507,33.69998,52.70095,31.27,1647.959,1647.959,3.19,9.802506,9.802506,2838108,1.545806,203966.9,0.0002871543,0.0004438849,,,,,,
37372,5758,BXC,BLUELINX HOLDINGS INC,'09624H208,11,4151,25247,25198,25198,49,5031,0,0,53,0,9,0,0,76.2,9.154,6.535,-0.084,1025.5,662.1,60.6432,2.783254E+07,95.30157,292047,6.619,363.4,9.467257,41.96,397.2461,397.2461,9.17,4.57579,4.57579,1.928188E+07,1.443455,202324.9,0.0002997317,0.0004326493,,,,,,
16676,1967,NATR,NATURE S SUNSHINE PRODUCTS INC,'639027101,11,2936,25247,25197,25197,50,2833,0,0,54,0,10,0,0,80.6,19.289,0.203,0.152,102.4,95.9,60.02121,5838.403,0.1210393,48235.6,0.051,6.5,19.94618,19.98,398.5247,398.5247,1.11,18,18,10073.99,0.5795521,83229.11,0.0007211565,0.0004179477,,,,,,
1801,1383,CATO,CATO CORP THE CL A,'149205106,11,8604,25247,25218,25218,29,5621,0,0,53,0,9,0,0,65.7,19.317,0.92,-1.187,213.1,100.7,91.2963,169662.7,1.431625,118510.5,2.107,112.4,22.59259,16.51,373.0037,373.0037,3.41,4.841642,4.841642,230470.8,0.7361569,160985.5,0.000567109,0.0004174812,,,,,,
3402,7283,PCYG,PARK CITY GROUP INC,'700215304,11,2669,25247,25197,25197,50,7374,0,0,57,0,6,0,0,34.1,12.187,0.032,0.006,6,4.6,25.26095,332155.2,4.956816,67009.8,0.026,1.4,19.47541,6,116.8525,116.8525,0.26,23.07692,23.07692,317867.9,1.044948,64127.43,0.000393918,0.0004116236,,,,,,
42248,1314,AMPY,AMPLIFY ENERGY CORP,'03212B103,11,1165,25247,25197,25197,50,1311,0,0,50,0,4,0,0,33.2,37.624,-0.511,-9.774,72.5,58.1,228.3582,1.243635E+07,18.75795,662990.8,9.263,14.4,37.96392,4.4,167.0413,167.0413,2,2.2,2.2,1.147065E+07,1.084189,611508.6,0.0003734342,0.0004048732,,,,,,
24129,6873,CENT,CENTRAL GARDEN & PET COMPANY,'153527106,11,7028,25247,25194,25194,53,5199,0,0,54,0,9,0,0,94.2,49.669,1.355,0.787,935.3,703.2,47.17032,159121.3,3.316104,47984.4,0.568,232.1,52.29917,55.91,2924.047,2924.047,3.37,16.59051,16.59051,249874.7,0.6368042,75351.9,0.0006260004,0.0003986396,,,,,,
12786,5724,AMOT,ALLIED MOTION TECHNOLOGIES INC,'019330109,11,12221,25247,25197,25197,50,3820,0,0,52,0,6,0,0,60.8,12.172,0.834,0.285,101.7,92.4,15.34108,8290.44,0.1890662,43849.39,0.549,9.299995,14.70493,36.63,538.6417,538.6417,1.49,24.58389,24.58389,7947.278,1.04318,42034.36,0.0003649652,0.0003807244,,,,,,
38450,1694,ICFI,ICF INTERNATIONAL INC,'44925C103,11,3700,25247,25197,25197,50,8742,0,0,52,0,12,0,0,94.7,18.082,0.972,0.563,378.5,358.2,23.31423,953313.9,10.96632,86931.03,0.409,20.29999,18.83729,94.5821,1781.67,1781.67,8.68,10.89655,10.89655,809022.9,1.178352,73773.39,0.0003160249,0.0003723886,,,,,,
15549,2492,SUP,SUPERIOR INDUSTRIES INTERNATIONAL INC,'868168105,11,12638,25247,25197,25197,50,3714,0,0,53,0,2,0,0,42.1,24.8,0.187,-7.842,358.2,301.1,66.79389,120047.2,0.3334176,360050.7,8.029,57.10001,25.94438,8.74,226.7538,226.7538,3.15,2.774603,2.774603,84924.15,1.413582,254708.1,0.0002622371,0.0003706936,,,,,,
39671,2688,IPI,INTREPID POTASH INC,'46121Y201,11,3308,25247,25197,25197,50,2819,0,0,51,0,5,0,0,38.5,8.291,0.188,-0.571,71.5,64,82.92526,5.204995E+07,429.6029,121158.3,0.7589999,7.5,13.44675,28.39,381.7533,381.7533,2.35,12.08085,12.08085,7.09965E+07,0.7331341,165260.8,0.0005017844,0.0003678752,,,,,,
22773,5418,LCUT,LIFETIME BRANDS INC,'53222Q103,11,7562,25247,25197,25197,50,5070,0,0,53,0,9,0,0,49.1,11.842,0.145,-1.358,195.7,145.1,16.43078,160334.6,2.393104,66998.6,1.503,50.59999,21.97703,16.62,365.2581,365.2581,1.97,8.436548,8.436548,132550.7,1.20961,55388.61,0.0002966455,0.0003588252,,,,,,
28849,6252,KFRC,KFORCE INC,'493732101,11,6501,25247,25197,25197,50,7361,0,0,52,0,12,0,0,88.5,20.555,0.634,0.422,363.2,335.2,46.887,189595.7,2.617694,72428.53,0.212,28,21.91564,62.89017,1378.279,1378.279,4.96,12.67947,12.67947,257167.9,0.7372448,98242.17,0.0004772595,0.000351857,,,,,,
42511,8875,WOW,WIDEOPENWEST INC,'96758W101,11,1018,25247,25197,25197,50,4841,0,0,53,0,7,0,0,79.2,51.914,0.117,0.001,286.3,284.5,107.2261,6959409,16.39095,424588.4,0.116,1.799988,87.12086,17.78,1549.009,1549.009,0.79,22.50633,22.50633,5974692,1.164815,364511.5,0.0002941639,0.0003426464,,,,,,
41209,8561,USDP,USD PARTNERS LP,'903318103,71,1679,25247,25197,25197,50,4011,0,0,50,0,12,0,0,31.8,8.445,0.271,-1.267,30.6,30.2,88.42367,512104.6,7.27537,70388.8,1.538,0.3999996,27.68073,6.89,190.7202,190.7202,1.23,5.601625,5.601625,991128.8,0.5166882,136230.7,0.000649073,0.0003353684,,,,,,
9133,4662,CTG,COMPUTER TASK GROUP INC,'205477102,11,10395,25247,25198,25198,49,7371,0,0,57,0,6,0,0,51.7,12.623,0.11,0.084,97.1,86.9,40.20617,34950.92,0.7308499,47822.3,0.026,10.2,15.37359,9.52,146.3566,146.3566,0.79,12.05063,12.05063,55431.09,0.6305292,75844.71,0.0005301117,0.0003342509,,,,,,
36573,1091,CVCO,CAVCO INDUSTRIES INC,'149568107,11,4518,25247,25198,25198,49,2541,0,0,53,0,3,0,0,94.4,8.499,2.739,1.31,306.5,255.3,18.35707,112764.3,3.072622,36699.7,1.429,51.2,9.177106,218.57,2005.84,2005.84,9.52,22.95903,22.95903,138480.5,0.8142976,45069.15,0.0004073091,0.0003316708,,,,,,
3042,1367,SIG,SIGNET JEWELERS LTD,'G81276100,12,8294,25247,25155,25155,92,5944,0,0,53,0,9,0,0,97.2,51.352,4.698,3.458,2186.5,2153.3,172.5119,5.536028E+07,33.58952,1648141,1.24,33.19995,52.36409,74.74999,3914.215,3914.215,24.12,3.099087,3.099087,3.118806E+07,1.775047,928505.6,0.0001857952,0.0003297952,,,,,,
43134,9351,CHRA,CHARAH SOLUTIONS INC,'15957P105,11,753,25247,25197,25197,50,4953,0,0,52,0,12,0,0,87.9,11.909,-0.116,-0.484,52.1,51.3,111.2676,1121851,11.75482,95437.49,0.368,0.7999992,30.42553,6,182.5532,182.5532,1.35,4.444444,4.444444,2138392,0.5246235,181916.2,0.0006116423,0.0003208819,,,,,,
43357,3019,SIC,SELECT INTERIOR CONCEPTS INC CL A,'816120307,11,709,25247,25197,25197,50,1521,0,0,53,0,12,0,0,56.7,20.682,-0.071,-0.159,137.8,134.4,42.15427,1050136,12.34993,85031.7,0.08799999,3.400009,25.54206,10.69,273.0446,273.0446,0.63,16.96825,16.96825,1323253,0.793602,107146.5,0.0003934263,0.0003122239,,,,,,
2412,6273,IMKTA,INGLES MARKETS INC CL A,'457030104,11,8498,25247,25194,25194,53,5410,0,0,54,0,9,0,0,94,14.222,2.583,1.989,1184.6,1145.5,48.16395,181689.8,2.797306,64951.7,0.594,39.09998,18.99469,62.87,1194.196,1194.196,5.35,11.7514,11.7514,284529.8,0.6385615,101715.6,0.0004735157,0.0003023689,,,,,,
23695,3876,USAK,USA TRUCK INC,'902925106,11,7362,25247,25197,25197,50,4210,0,0,52,0,12,0,0,57.3,7.099,0.407,-0.295,158.5,126.8,77.64579,622980.6,5.753906,108270.9,0.702,31.7,8.878563,16.45,146.0524,146.0524,4.28,3.843458,3.843458,962292.1,0.6473923,167241.5,0.0004642734,0.000300567,,,,,,
30436,9211,CSV,CARRIAGE SERVICES INC,'143905107,11,6251,25247,25197,25197,50,7261,0,0,54,0,9,0,0,76.8,16.398,0.718,-0.235,96.6,77.5,28.80455,958777.4,12.85063,74609.4,0.953,19.1,18.04768,38.24,690.1433,690.1433,4.04,9.465346,9.465346,1109039,0.8645117,86302.36,0.0003337632,0.0002885422,,,,,,
11515,1201,ROG,ROGERS CORP,'775133101,11,14837,25247,25197,25197,50,2821,0,0,57,0,5,0,0,98.5,18.535,1.668,0.71,229.3,198.8,23.58779,28027.93,0.5488387,51067.7,0.958,30.5,18.7122,190.56,3565.798,3565.798,8.55,22.28772,22.28772,35920.08,0.7802858,65447.43,0.0003604081,0.0002812213,,,,,,
13207,4466,HURC,HURCO COMPANIES INC,'447324104,11,10284,25247,25218,25218,29,3540,0,0,52,0,3,0,0,81.3,6.244,0.369,-0.577,57.9,37.1,7.178736,309169.4,9.112488,33928.1,0.946,20.8,6.583357,35.19,231.6684,231.6684,4.44,7.925676,7.925676,270218.2,1.144147,29653.61,0.0002420864,0.0002769825,,,,,,
26053,1099,FLL,FULL HOUSE RESORTS INC,'359678109,11,3995,25247,25197,25197,50,7011,0,0,53,0,12,0,0,52.7,32.031,-0.126,-0.161,42.2,30.9,176.6854,4550729,11.51611,395161.9,0.035,11.3,34.11163,9.85,335.9996,335.9996,0.59,16.69492,16.69492,5799818,0.784633,503626.4,0.0003508264,0.00027527,,,,,,
23907,3624,ARCB,ARCBEST CORP,'03937C105,11,7324,25247,25197,25197,50,4210,0,0,52,0,12,0,0,91.4,24.978,0.918,0.075,829.2,701.4,36.17575,5969060,9.036537,660547.3,0.843,127.8,25.38572,60.1,1525.682,1525.682,5.7,10.54386,10.54386,2686011,2.222277,297239,0.0001217059,0.0002704643,,,,,,
39223,4736,BKEP,BLUEKNIGHT ENERGY PARTNERS L P,'09625U109,71,2535,25247,25197,25197,50,4610,0,0,50,0,12,0,0,29.5,3.464,1.787,-0.153,27.1,25.7,125.5721,4491154,25.9735,172912.9,1.94,1.4,41.47699,3.96,164.2489,164.2489,0.26,15.23077,15.23077,7498095,0.5989726,288682.5,0.0004349833,0.0002605431,,,,,,
42379,6991,REVG,REV GROUP INC,'749527107,11,1100,25247,25155,25155,92,3716,0,0,52,0,2,0,0,98,28.407,0,-0.15,554,532.1,51.67464,2.116543E+07,23.6989,893097.6,0.15,21.90002,64.51907,15.85,1022.627,1022.627,0.97,16.3402,16.3402,9982829,2.120184,421235.9,0.0001226739,0.0002600911,,,,,,
38436,6749,GSL,GLOBAL SHIP LEASE INC NEW CL A,'Y27183600,12,3699,25247,25197,25197,50,4499,0,0,52,0,12,0,0,29.2,20.795,0.13,0.035,73,70.9,102.5488,2.51257E+07,40.82237,615488.6,0.095,2.099998,36.9576,20.38,753.1959,753.1959,4.8,4.245833,4.245833,2.014259E+07,1.247392,493420.5,0.0002078325,0.0002592486,,,,,,
42964,7680,LAZY,LAZYDAYS HOLDINGS INC,'52110H100,11,815,25247,25136,25136,111,5511,0,0,53,0,9,0,0,68.8,10.356,0.751,-0.216,196.6,144.9,64.27567,850378.6,9.566565,88890.7,0.967,51.70001,10.75905,23.36,251.3313,251.3313,7.360001,3.173913,3.173913,1433586,0.5931828,149853.8,0.0004289225,0.0002544294,,,,,,
30731,3349,HIBB,HIBBETT SPORTS INC,'428567101,11,6207,25247,25155,25155,92,5941,0,0,53,0,9,0,0,95,16.001,1.447,0.349,376.8,313,79.70265,1463597,3.405608,429760.8,1.098,63.79999,16.20734,83.4,1351.692,1351.692,9.56,8.723849,8.723849,1281269,1.142303,376223.2,0.0002118494,0.0002419961,,,,,,
42217,6876,DFIN,DONNELLEY FINANCIAL SOLUTIONS INC,'25787G100,11,1180,25247,25197,25197,50,6282,0,0,52,0,11,0,0,92.7,32.377,1.048,0.12,245.3,220.7,76.88052,4141074,23.46922,176447,0.928,24.60001,33.46671,31.98,1070.265,1070.265,3.6,8.883333,8.883333,5560178,0.7447737,236913.6,0.0003245087,0.0002416855,,,,,,
5574,2611,NVGS,NAVIGATOR HOLDINGS LTD,'Y62132108,12,1900,25247,25136,25136,111,0,0,0,50,0,0,0,0,27.8,30.857,0.058,-0.05,87.4,76.1,40.0507,1478762,19.95463,74106.2,0.108,11.3,55.89184,11.05,617.6048,617.6048,0.8,13.8125,13.8125,2219131,0.6663696,111208.8,0.0003601395,0.000239986,,,,,,
3473,5291,INFU,INFUSYSTEMS HOLDINGS INC,'45685K102,11,2633,25247,25197,25197,50,3841,0,0,56,0,10,0,0,71.7,19.538,0.033,-0.021,24.5,21.6,20.1074,239696.9,2.404083,99704.1,0.054,2.9,20.47104,20.13,412.082,412.082,0.82,24.54878,24.54878,224277.5,1.068751,93290.29,0.0002155358,0.0002303542,,,,,,
42524,7926,PLYM,PLYMOUTH INDUSTRIAL REIT INC,'729640102,18,1008,25247,25197,25197,50,6798,1,1,60,0,11,0,0,80.1,26.549,-0.237,-0.526,31.9,26.2,52.40219,2777461,13.30327,208780.4,0.289,5.699999,29.40329,20,588.0659,588.0659,1.23,16.26016,16.26016,2916683,0.9522672,219245.6,0.0002390113,0.0002276026,,,,,,
24380,1316,MTX,MINERALS TECHNOLOGIES INC,'603158106,11,7210,25247,25198,25198,49,2819,0,0,51,0,5,0,0,99.4,33.424,1.18,1.122,452.6,417.5,31.0066,853375.1,6.463317,132033.6,0.05799997,35.10001,33.72949,83.03999,2800.897,2800.897,5.85,14.19487,14.19487,869488.2,0.9814683,134526.6,0.0002304867,0.0002262154,,,,,,
27608,4227,MATW,MATTHEWS INTERNATIONAL CORP CL A,'577128101,11,6772,25247,25197,25197,50,7319,0,0,53,0,12,0,0,79.8,30.016,0.158,-2.773,417.2,374.8,35.84034,207599.2,2.448788,84776.3,2.931,42.40002,31.65719,38.9,1231.465,1231.465,4.68,8.311966,8.311966,285235.9,0.7278159,116480.4,0.0003076941,0.0002239447,,,,,,
40149,5155,PAM,PAMPA ENERGIA S A,'697660207,31,2937,25247,25197,25197,50,4911,0,0,59,0,8,0,0,15.8,55.361,0.574,0.125,302.7,190.6,24.13027,2160500,11.5682,186762,0.449,112.1,99.82079,16.77,1673.994,1673.994,7.46,2.247989,2.247989,1645288,1.313144,142225,0.0001696626,0.0002227915,,,,,,
29156,6434,NWPX,NORTHWEST PIPE COMPANY,'667746101,11,6426,25247,25197,25197,50,3310,0,0,51,0,3,0,0,86.3,9.577,0.222,0.058,72.3,68.9,9.655166,334426.9,8.771715,38125.61,0.164,3.400002,9.859109,30.21,297.8437,297.8437,2.79,10.82796,10.82796,358023.8,0.9340913,40815.71,0.0002365551,0.0002209641,,,,,,
38757,2668,III,INFORMATION SERVICES GROUP INC,'45675Y104,11,3608,25247,25197,25197,50,8742,0,0,52,0,12,0,0,53.4,32.497,0.071,-0.029,66.6,63.7,84.4893,2093464,6.417918,326190.5,0.1,2.899998,48.00725,5.78,277.4819,277.4819,0.99,5.838384,5.838384,2271459,0.9216382,353924.7,0.0002387211,0.0002200145,,,,,,
21243,2884,TNC,TENNANT COMPANY,'880345103,11,12228,25247,25197,25197,50,3589,0,0,52,0,3,0,0,94.1,18.245,1.393,0.284,263.3,252.1,15.94203,78200.73,1.249718,62574.7,1.109,11.19998,18.61111,81.73,1521.086,1521.086,5.61,14.56863,14.56863,84222.69,0.9284996,67393.35,0.0002365519,0.0002196384,,,,,,
41251,5642,KE,KIMBALL ELECTRONICS INC,'49428J109,11,1662,25247,25197,25197,50,3672,0,0,57,0,6,0,0,64.1,23.857,0.417,0.248,310.3,293.9,38.59316,173646.4,2.172983,79911.5,0.169,16.39999,24.95575,21.87,545.7822,545.7822,3.65,5.99178,5.99178,258035.2,0.6729561,118747,0.0003250033,0.000218713,,,,,,
39741,3414,SB,SAFE BULKERS INC,'Y7388L103,12,3282,25247,25197,25197,50,4412,0,0,52,0,12,0,0,17.1,50.979,0.182,-0.125,62.5,45.7,275,2.260277E+07,9.847769,2295217,0.307,16.8,106.7575,4.349999,464.395,464.395,0.98,4.438775,4.438775,1.680574E+07,1.344943,1706553,0.0001611435,0.0002167289,,,,,,
30630,4510,USNA,USANA HEALTH SCIENCES INC,'90328M107,11,6262,25247,25198,25198,49,2833,0,0,54,0,10,0,0,59,12.227,1.466,1.235,308,266.6,34.71703,135951.8,2.272347,59828.8,0.2309999,41.39999,20.2366,104.5,2114.725,2114.725,6.62,15.7855,15.7855,224263.4,0.6062148,98692.41,0.00035177,0.0002132482,,,,,,
36200,496,RRGB,RED ROBIN GOURMET BURGERS INC,'75689M101,11,4757,25247,25208,25208,39,5812,0,0,53,0,9,0,0,96.6,13.858,-0.559,-13.508,326.3,306.1,57.28109,3042225,10.7033,284232.4,12.949,20.19998,15.68104,32.51,509.7907,509.7907,2.12,15.33491,15.33491,2982954,1.01987,278694.8,0.0002055334,0.0002096174,,,,,,
41891,5327,CCRC,CHINA CUSTOMER RELATIONS CENTERS INC,'G2118P102,12,1377,25247,25136,25136,111,7389,0,0,52,0,12,0,0,5,5.304,0.797,0.277,142.6,75.4,27.2541,391475.7,10.13459,38627.69,0.52,67.2,18.32226,6.210001,113.7812,113.7812,1.02,6.088236,6.088236,730174.9,0.5361396,72047.82,0.000378278,0.0002028098,,,,,,
41118,8517,RYI,RYERSON HOLDING CORP,'783754104,11,1722,25247,25197,25197,50,3310,0,0,51,0,3,0,0,93.7,16.282,0.66,0.434,1147.3,1010.3,27.19008,1085694,10.2816,105595.8,0.226,137.0001,38.47759,15.39,592.1702,592.1702,3.47,4.435159,4.435159,1234028,0.8797967,120023,0.0002265406,0.0001993097,,,,,,
12209,2063,SKY,SKYLINE CHAMPION CORP,'830830105,11,14700,25247,25198,25198,49,2451,0,0,53,0,12,0,0,98.4,51.96,0.597,0.106,447.6,301.1,63.80571,72530.42,0.1492327,486022.3,0.491,146.5,56.64025,49.24,2788.966,2788.966,2.56,19.23438,19.23438,59085.94,1.227541,395931.6,0.0001611534,0.0001978224,,,,,,
37588,6066,TGP,TEEKAY LNG PARTNERS L P,'Y8564M105,72,4053,25247,25197,25197,50,4412,0,0,50,0,12,0,0,30.3,51.006,0.917,-0.501,152.8,139.9,35.19007,1267828,8.117622,156182.2,1.418,12.90001,86.96741,15.81,1374.955,1374.955,2.24,7.058036,7.058036,1407087,0.9010305,173337.3,0.000203015,0.0001829227,,,,,,
5099,7635,ECOM,CHANNELADVISOR CORP,'159179100,11,2027,25247,25197,25197,50,7372,0,0,57,0,6,0,0,95.7,28.995,0.186,0.071,39.2,32,62.9161,2635973,18.388,143352.9,0.115,7.200001,29.73267,24.47,727.5583,727.5583,1.16,21.09483,21.09483,4129128,0.638385,224555.5,0.0002801806,0.0001788631,,,,,,
42742,8830,NEXA,NEXA RESOURCES S A,'L67359106,12,910,25247,25197,25197,50,1041,0,0,51,0,12,0,0,25.6,44.404,0.172,-3.954,602.9,442.1,24.35348,1929359,14.38555,134117.8,4.126,160.8,132.4392,10.47,1386.639,1386.639,0.7,14.95714,14.95714,1982646,0.9731234,137822,0.0001767024,0.0001719533,,,,,,
42216,6878,ASIX,ADVANSIX INC,'00773T101,11,1180,25247,25197,25197,50,2821,0,0,51,0,5,0,0,87.4,27.324,1.001,0.307,376.4,302.7,49.00245,1619382,10.9173,148331.7,0.694,73.69998,28.05171,30.62,858.9434,858.9434,3.02,10.13907,10.13907,2245752,0.7210865,205705.8,0.0002382161,0.0001717744,,,,,,
5590,8121,LGIH,LGI HOMES INC,'50187T106,11,1910,25247,25197,25197,50,9999,0,0,53,0,12,0,0,88.9,22.244,3.994,1.692,706,454.7,46.28329,3914942,12.87022,304186.1,2.302,251.3,24.93442,156.45,3900.99,3900.99,11.88,13.16919,13.16919,3704044,1.056937,287799.6,0.0001608178,0.0001699743,,,,,,
37602,1829,ZUMZ,ZUMIEZ INC,'989817101,11,4052,25247,25155,25155,92,5600,0,0,53,0,9,0,0,81.6,21.935,1.71,1.499,331.5,328.8,25.91201,3548920,11.87274,298913.4,0.2110001,2.700012,25.74764,46.94,1208.594,1208.594,5.1,9.203921,9.203921,2548888,1.392341,214684.1,0.0001206983,0.0001680532,,,,,,
29279,6554,EME,EMCOR GROUP INC,'29084Q100,11,6407,25247,25197,25197,50,1731,0,0,52,0,12,0,0,96.7,53.592,1.544,1.351,2304,2299.8,40.56307,557533.4,1.924288,289735,0.1930001,4.199951,54.55623,126.72,6913.366,6913.366,13.29,9.53499,9.53499,511237.3,1.090557,265676.2,0.0001526786,0.0001665047,,,,,,
30683,6903,PAG,PENSKE AUTOMOTIVE GROUP INC,'70959W103,11,6199,25247,25197,25197,50,5511,0,0,53,0,9,0,0,79.8,65.927,2.264,0.637,5773.8,5009.1,37.8191,3215952,10.91394,294664.6,1.627,764.6997,80.827,80.14,6477.476,6477.476,11.87,6.751474,6.751474,2854570,1.126598,261552.7,0.0001445946,0.0001628999,,,,,,
5639,8154,PANL,PANGAEA LOGISTICS SOLUTIONS LTD,'G6891L105,12,1884,25247,25197,25197,50,4412,0,0,52,0,12,0,0,58.9,25.756,0.133,-0.157,125,95.9,59.82439,1.429811E+07,20.68211,691327.6,0.29,29.1,45.625,4.25,193.9063,193.9063,0.54,7.87037,7.87037,1.045352E+07,1.367779,505438,0.0001183615,0.0001618924,,,,,,
30972,6017,UNFI,UNITED NATURAL FOODS INC,'911163103,11,6192,25247,25155,25155,92,5140,0,0,54,0,9,0,0,89.8,55.368,1.05,-0.574,6888.1,6431.4,119.8014,1.074938E+07,5.81216,1849465,1.624,456.7002,56.29498,35.41,1993.405,1993.405,7.77,4.557271,4.557271,6809684,1.578544,1171627,0.0001022521,0.0001614095,,,,,,
15258,2866,MTW,MANITOWOC COMPANY INC THE,'563571405,11,12228,25247,25197,25197,50,3531,0,0,52,0,3,0,0,80.5,33.448,-0.089,-0.222,354.3,329.2,91.33127,16129.23,0.06184682,260793.3,0.133,25.09998,34.73486,24.72,858.6459,858.6459,1.54,16.05195,16.05195,23767.38,0.6786288,384294.4,0.0002376596,0.0001612827,,,,,,
23083,5548,STRL,STERLING CONSTRUCTION COMPANY INC,'859241101,11,4362,25247,25197,25197,50,1600,0,0,52,0,12,0,0,87.2,27.461,0.373,0.112,315.3,296.7,47.17668,2241911,10.38643,215850,0.261,18.59998,28.59943,24.24,693.2502,693.2502,3.9,6.215384,6.215384,2610539,0.8587924,251341.3,0.0001876997,0.0001611951,,,,,,
17819,2816,PATK,PATRICK INDUSTRIES INC,'703343103,11,12228,25247,25194,25194,53,5030,0,0,53,0,9,0,0,92.8,22.315,2.09,0.921,850.5,589.2,19.47579,70142.96,0.4633134,151394.2,1.169,261.3,23.77218,80.89999,1923.169,1923.169,5.82,13.90034,13.90034,63271.6,1.108601,136563.3,0.0001426137,0.0001581017,,,,,,
36154,3842,BGFV,BIG 5 SPORTING GOODS CORP,'08915P101,11,4774,25247,25198,25198,49,5941,0,0,53,0,9,0,0,45,20.669,1.006,-0.218,272.8,217.7,234.3661,8410479,5.960338,1411074,1.224,55.09999,22.29076,29.21,651.1131,651.1131,8.360001,3.494019,3.494019,8652941,0.9719793,1451754,0.0001614366,0.000156913,,,,,,
36674,4370,ANIP,ANI PHARMACEUTICALS INC,'00182C103,11,4454,25247,25197,25197,50,2836,0,0,56,0,10,0,0,60.9,9.855,0.007,-0.589,54.5,49.8,14.00065,4575630,119.0913,38421.2,0.596,4.700001,12.74132,34.85,444.0351,444.0351,2.42,14.40083,14.40083,6978278,0.6556961,58596.05,0.0002389351,0.0001566688,,,,,,
26578,3536,MHO,M/I HOMES INC,'55305B101,11,6950,25247,25197,25197,50,1531,0,0,53,0,12,0,0,95.5,28.571,2.925,1.115,828.8,577.6,44.91602,1488339,5.907717,251931.4,1.81,251.2,29.18499,63.85,1863.461,1863.461,8.77,7.280501,7.280501,1589712,0.9362324,269090.7,0.0001669178,0.0001562738,,,,,,
6905,1852,BRC,BRADY CORP,'104674106,11,9314,25247,25218,25218,29,3999,0,0,52,0,2,0,0,87,46.59,0.716,0.259,295.5,265.9,29.90891,97481.2,0.6248819,155999.4,0.457,29.60001,52.06369,59.52,3098.831,3098.831,2.44,24.39344,24.39344,108632,0.8973529,173844,0.0001720445,0.0001543847,,,,,,
42316,1272,ICHR,ICHOR HOLDINGS,'G4740B105,12,1132,25247,25194,25194,53,3559,0,0,57,0,3,0,0,90.3,27.833,0.523,0.149,264.6,220,69.98459,2375864,9.732499,244116.5,0.374,44.60001,28.07854,55.16,1548.812,1548.812,2.84,19.42253,19.42253,3250850,0.7308438,334020.1,0.0002095221,0.0001531279,,,,,,
41039,7129,TMST,TIMKENSTEEL CORP,'887399103,11,1749,25247,25197,25197,50,3312,0,0,51,0,3,0,0,72.8,37.293,0.216,-0.443,273.6,259.7,191.7883,2.221743E+07,30.07085,738836.2,0.659,13.89999,45.70081,15.99,730.7559,730.7559,2.33,6.862661,6.862661,2.978399E+07,0.7459524,990460.4,0.0001936356,0.0001444429,,,,,,
4466,7855,HEAR,TURTLE BEACH CORP,'900450206,11,2320,25247,25197,25197,50,9999,0,0,57,0,12,0,0,68.8,15.512,0.568,-0.245,93.1,35,91.36247,5597414,17.73847,315552.3,0.813,58.1,15.8209,37.22,588.8538,588.8538,2.74,13.58394,13.58394,8006373,0.6991197,451356.6,0.0002024175,0.0001415141,,,,,,
11757,1202,SCL,STEPAN COMPANY,'858586100,11,14837,25247,25197,25197,50,2841,0,0,51,0,5,0,0,79.4,21.481,1.768,1.196,537.7,450,10.66792,5030.293,0.09168008,54867.9,0.572,87.70001,22.51725,131.34,2957.416,2957.416,8.62,15.23666,15.23666,5921.1,0.8495539,64584.36,0.0001651781,0.0001403277,,,,,,
5501,5484,CRTO,CRITEO S A ADS,'226718104,31,1916,25247,25197,25197,50,9999,0,0,53,0,12,0,0,85.1,57.614,0.369,0.251,541.1,503.4,115.8484,2.181238E+07,35.30752,617782.8,0.118,37.69998,60.7953,40.45,2459.17,2459.17,2.18,18.55504,18.55504,2.557704E+07,0.8528108,724407.8,0.0001599216,0.0001363829,,,,,,
22856,5535,MNRO,MONRO INC,'610236101,11,7524,25247,25194,25194,53,7530,0,0,53,0,12,0,0,99.4,32.999,0.35,-0.117,305.5,286.1,32.46772,579651.2,2.54203,228026.9,0.467,19.39999,33.49308,63.78,2136.188,2136.188,3.06,20.84314,20.84314,593745.4,0.9762622,233571.3,0.0001390056,0.0001357059,,,,,,
28401,146,CBZ,CBIZ INC,'124805102,11,6577,25247,25197,25197,50,7389,0,0,52,0,12,0,0,96.3,50.556,0.941,0.675,300.7,277.5,29.57858,646984.5,4.90099,132011,0.266,23.20001,53.17504,32.9,1749.459,1749.459,2.58,12.75194,12.75194,835558.2,0.774314,170487.6,0.000173494,0.0001343388,,,,,,
25485,5424,ETH,ETHAN ALLEN INTERIORS INC,'297602104,11,7112,25247,25197,25197,50,2511,0,0,53,0,2,0,0,83.4,21.388,0.617,-0.009,177,149.8,72.44292,881499.4,2.991273,294690.4,0.626,27.2,25.19538,31.08,783.0724,783.0724,3.39,9.168141,9.168141,1209724,0.7286779,404417.9,0.0001791289,0.0001305272,,,,,,
22618,956,MLI,MUELLER INDUSTRIES INC,'624756102,11,7630,25247,25194,25194,53,3351,0,0,52,0,3,0,0,92.6,55.325,1.129,0.58,818.1,602.9,38.39501,101463.3,0.5029621,201731.5,0.549,215.2,57.12798,46.78,2672.447,2672.447,2.42,19.33058,19.33058,122531.8,0.8280571,243620.3,0.0001576018,0.0001305033,,,,,,
37259,4450,ADES,ADVANCED EMISSIONS SOLUTIONS INC,'00770C101,11,1241,25247,25197,25197,50,2890,0,0,52,0,5,0,0,61.9,18.509,0.756,-0.105,21.1,12.3,37.90035,747417.6,3.203836,233288.3,0.861,8.8,18.85679,7.75,146.1401,146.1401,3.4,2.279412,2.279412,843421.2,0.8861737,263253.5,0.000143969,0.0001275816,,,,,,
40990,8413,CCS,CENTURY COMMUNITIES INC,'156504300,11,1758,25247,25197,25197,50,1531,0,0,53,0,12,0,0,89.6,29.724,3.029,0.787,1008.6,602.6,50.35431,1.486348E+07,21.17257,702015.9,2.242,406,33.72114,66.32,2236.386,2236.386,13.09,5.066463,5.066463,1.14431E+07,1.298903,540468.2,9.316794E-05,0.0001210161,,,,,,
4954,1668,BCC,BOISE CASCADE LLC,'09739D100,11,2101,25247,25197,25197,50,2621,0,0,53,0,3,0,0,97.2,39.088,3.79,0.312,1821.3,1170.5,35.2568,1.090227E+07,23.0777,472415.9,3.478,650.8,39.33077,61.91,2434.968,2434.968,6.49,9.539291,9.539291,8586188,1.269745,372055.7,9.476217E-05,0.0001203238,,,,,,
38069,1753,KOP,KOPPERS HOLDINGS INC,'50060P106,11,3866,25247,25197,25197,50,2491,0,0,51,0,12,0,0,95.4,20.281,1.225,-0.067,407.5,401.9,18.93534,1098809,11.50716,95489.2,1.292,5.600006,21.23969,33.29,707.0693,707.0693,2.54,13.1063,13.1063,1417618,0.7751096,123194.4,0.0001537028,0.0001191365,,,,,,
37625,6130,LINC,LINCOLN EDUCATIONAL SERVICES CORP,'533535100,11,4019,25247,25197,25197,50,8200,0,0,63,0,12,0,0,69.2,24.278,0.13,-0.079,78,70,26.51391,1588671,15.18417,104626.8,0.209,8,26.90066,7.73,207.9421,207.9421,0.88,8.784091,8.784091,2320064,0.6847529,152795,0.0001735261,0.0001188225,,,,,,
23441,2571,PHX,PHX MINERALS INC,'69291A100,11,7422,25247,25197,25197,50,1311,0,0,50,0,4,0,0,28.4,25.267,-0.022,-1.238,8.4,7.2,69.664,78139.95,0.214308,364615.2,1.216,1.2,30.40816,3.54,107.6449,107.6449,0.43,8.232558,8.232558,99997.52,0.7814189,466606.6,0.0001492992,0.0001166652,,,,,,
23789,5876,CNR,CORNERSTONE BUILDING BRANDS INC,'21925D109,11,7351,25247,25198,25198,49,3448,0,0,53,0,3,0,0,91.8,53.795,-0.013,-4.304,1267,1113.8,100,1.548001E+07,13.3152,1162582,4.291,153.2,125.7093,18.98,2385.963,2385.963,2.04,9.303922,9.303922,1.357976E+07,1.139932,1019869,9.80518E-05,0.0001117724,,,,,,
44941,3310,WCC,WESCO INTERNATIONAL INC,'95082P105,11,5557,25247,25197,25197,50,5063,0,0,52,0,9,0,0,95.9,37.07,0.894,0.822,4041.5,1968.6,53.08232,5128172,17.12709,299418.8,0.07199997,2072.9,50.18245,111,5570.252,5570.252,11.48,9.668989,9.668989,6462592,0.7935163,377331.6,0.0001406782,0.0001116304,,,,,,
40898,8332,SPWH,SPORTSMAN S WAREHOUSE HOLDINGS INC,'84920Y106,11,1800,25247,25218,25218,29,5941,0,0,53,0,9,0,0,96.7,42.68,0.239,-0.026,327,246.8,46.00326,7824294,9.731259,804037.1,0.265,80.2,43.72002,17.9,782.5883,782.5883,4.11,4.355231,4.355231,5618868,1.392503,577404.1,7.967256E-05,0.0001109443,,,,,,
24306,6970,CCU,COMPANIA CERVECERIAS UNIDAS S A,'204429104,31,7231,25247,25197,25197,50,2082,0,0,54,0,1,0,0,19.5,73.901,0.484,0.243,791.8,710.6,22.01806,356913.6,1.210241,294911.1,0.241,81.20001,183.7761,18.27,3357.589,3357.589,0.88,20.76136,20.76136,295077.8,1.209557,243817.4,9.030556E-05,0.0001092298,,,,,,
40983,709,TSE,TRINSEO S A,'L9340P101,12,1762,25247,25197,25197,50,2821,0,0,51,0,5,0,0,94.6,37.721,1.857,-0.943,1092.6,853.5,46.0638,4678304,17.29691,270470.4,2.8,239.1,38.73862,63.73,2468.812,2468.812,4.94,12.90081,12.90081,5858774,0.7985123,338717.9,0.0001359946,0.0001085933,,,,,,
26932,1024,BZH,BEAZER HOMES USA INC,'07556Q881,11,6873,25247,25197,25197,50,1531,0,0,53,0,12,0,0,77.7,29.79,0.819,0.355,549.9,489.4,41.5344,1.215491E+07,25.40833,478382.7,0.464,60.50003,31.29228,21.4,669.6548,669.6548,12.53,1.707901,1.707901,1.08998E+07,1.11515,428985.1,9.682016E-05,0.000107969,,,,,,
37650,1516,OSK,OSHKOSH CORP HOLDING COMPANY,'688239201,11,8996,25247,25197,25197,50,3711,0,0,52,0,2,0,0,93,68.208,1.454,1.005,1889,1796.7,51.78449,622217.2,1.068925,582096.2,0.449,92.30005,68.61656,129.13,8860.456,8860.456,12.48,10.34695,10.34695,565491.4,1.100312,529028.2,9.788608E-05,0.0001077053,,,,,,
4457,7858,CSTE,CAESARSTONE LTD,'M20598104,12,2320,25247,25197,25197,50,9999,0,0,53,0,12,0,0,47,19.28,0.412,0.078,146,126.6,34.71124,908437,10.14608,89535.8,0.334,19.4,34.44099,15.9,547.6118,547.6118,0.8800001,18.06818,18.06818,1725432,0.5264984,170059,0.0002041129,0.0001074651,,,,,,
43,952,PLXS,PLEXUS CORP,'729132100,11,8909,25247,25198,25198,49,3670,0,0,57,0,6,0,0,97.2,28.033,1.453,0.441,880.9,767.4,19.56522,131046.8,1.262535,103796.5,1.012,113.5,28.59396,91.85001,2626.355,2626.355,7.12,12.90028,12.90028,173721,0.7543517,137597,0.0001421923,0.000107263,,,,,,
14079,1778,GFF,GRIFFON CORP,'398433102,11,13327,25247,25197,25197,50,3442,0,0,53,0,3,0,0,74.3,45.909,0.337,0.022,634.8,566.4,28.1756,3.621803E+07,214.7329,168665.5,0.315,68.39996,56.68328,25.37,1438.055,1438.055,2.45,10.3551,10.3551,4.581828E+07,0.7904711,213373.3,0.0001320484,0.0001043804,,,,,,
38995,3180,CAI,CAI INTERNATIONAL INC,'12477X106,11,3543,25247,25197,25197,50,7359,0,0,52,0,12,0,0,86,16.026,1.942,-0.203,80.8,69.1,15.79504,2185232,13.01487,167902.7,2.145,11.7,17.30391,39.34696,680.8563,680.8563,15.99,2.460723,2.460723,2120064,1.030739,162895.5,9.696424E-05,9.994481E-05,,,,,,
27731,2290,RS,RELIANCE STEEL & ALUMINUM CO,'759509102,11,6731,25247,25197,25197,50,5051,0,0,51,0,9,0,0,86.4,63.214,4.194,0.93,2838.4,2572.9,45.54423,760230.3,2.243747,338821.7,3.264,265.5,63.70781,173.27,11038.65,11038.65,12.95,13.37992,13.37992,886586.9,0.8574798,395136.7,0.000115262,9.883481E-05,,,,,,
21380,2034,MERC,MERCER INTERNATIONAL INC,'588056101,11,8290,25247,25197,25197,50,2621,0,0,51,0,3,0,0,51,40.459,0.09,-0.052,412.7,350.6,38.87786,749977.4,3.807835,196956.4,0.142,62.10001,65.99144,13.73,906.0625,906.0625,0.74,18.55405,18.55405,1064695,0.7044056,279606.5,0.0001390449,9.7944E-05,,,,,,
3457,3356,RFP,RESOLUTE FOREST PRODUCTS INC,'76117W109,11,2636,25247,25197,25197,50,2621,0,0,51,0,3,0,0,85.2,78.025,1.071,-0.011,873,689,111.3965,2.247771E+07,19.4066,1158251,1.082,184,79.19917,13.17,1043.053,1043.053,4.5,2.926667,2.926667,2.24022E+07,1.003371,1154360,9.650065E-05,9.682593E-05,,,,,,
7292,382,CR,CRANE CO,'224399105,11,21310,25247,25197,25197,50,3491,0,0,52,0,3,0,0,70.7,49.524,1.863,1.068,833.5,797.9,24.79525,2652.592,0.01047035,253343.1,0.7950001,35.59998,58.40832,92.06,5377.07,5377.07,4.51,20.41241,20.41241,2672.092,0.9927022,255205.6,9.715794E-05,9.644889E-05,,,,,,
34330,6933,HBP,HUTTIG BUILDING PRODUCTS INC,'448451104,11,1889,25247,25197,25197,50,5030,0,0,51,0,9,0,0,40.3,19.447,0.297,-0.344,214.7,203,68.13189,3764576,47.08645,79950.3,0.641,11.7,27.39274,6.12,167.6436,167.6436,1.52,4.026316,4.026316,1.122649E+07,0.3353298,238422.8,0.0002857607,9.58241E-05,,,,,,
10034,1193,AIT,APPLIED INDUSTRIAL TECHNOLOGIES INC,'03820C105,11,14837,25247,25197,25197,50,5085,0,0,52,0,9,0,0,94.7,38.35,1.444,-2.14,840.9,830.8,21.28875,6232.926,0.05834258,106833.2,3.584,10.10004,38.85912,94.32,3665.192,3665.192,6.69,14.09866,14.09866,8988.576,0.6934275,154065.5,0.0001381799,9.581776E-05,,,,,,
25856,1088,SGMS,SCIENTIFIC GAMES CORP,'80874P109,11,9275,25247,25197,25197,50,3578,0,0,53,0,6,0,0,88.1,90.534,-0.158,-1.691,729,725,87.31452,1728857,1.937292,892409.3,1.533,4,96.07857,75.75,7277.952,7277.952,3.03,25,25,1750464,0.9876564,903562.6,9.663362E-05,9.544081E-05,,,,,,
22657,3696,AZO,AUTOZONE INC,'053332102,11,7607,25247,25165,25165,82,5531,0,0,53,0,9,0,0,91.3,21.95,15.275,12.698,2910.8,2513.7,22.6926,1039066,5.801614,179099.5,2.577,397.1001,22.03678,1394.61,30732.71,30732.71,119.46,11.67428,11.67428,1202043,0.8644171,207191.1,0.000109525,9.467526E-05,,,,,,
23894,743,BKE,BUCKLE INC THE,'118440106,11,7327,25247,25155,25155,92,5651,0,0,53,0,9,0,0,59.5,29.724,1.343,0.965,318.8,271,37.52396,322262.1,0.4668418,690302.6,0.3780001,47.79999,49.78807,40.95,2038.821,2038.821,1.87,21.89839,21.89839,244886.5,1.315965,524559.9,7.153418E-05,9.41365E-05,,,,,,
40791,8247,IBP,INSTALLED BUILDING PRODUCTS INC,'45780R101,11,1844,25247,25197,25197,50,1521,0,0,52,0,12,0,0,77.6,23.252,0.59,0.538,437.1,397.3,26.21007,2686771,12.74015,210890.1,0.05199999,39.80002,29.69715,117.5,3489.415,3489.415,4.7,25,25,3091392,0.8691137,242649.6,0.0001080161,9.387831E-05,,,,,,
4786,6302,SSTK,SHUTTERSTOCK INC,'825690100,11,2179,25247,25197,25197,50,7374,0,0,57,0,6,0,0,67.3,22.879,0.812,0.122,183.3,161.3,37.98183,3877517,20.00892,193789.4,0.69,22,36.55464,91.83,3356.813,3356.813,3.85,23.85195,23.85195,5623331,0.689541,281041.2,0.0001351469,9.31893E-05,,,,,,
23784,309,MHK,MOHAWK INDUSTRIES INC,'608190104,11,7353,25247,25198,25198,49,2273,0,0,53,0,1,0,0,78.3,56.45,3.374,1.545,2669,2285.8,43.68721,3637278,5.526978,658095.3,1.829,383.2,69.70781,193.13,13462.67,13462.67,19.79,9.758969,9.758969,3090312,1.176994,559132.3,7.813395E-05,9.196318E-05,,,,,,
41756,7405,FLOW,SPX FLOW INC,'78469X107,11,1436,25247,25198,25198,49,3561,0,0,52,0,3,0,0,96.3,41.707,0.443,-0.125,363.8,289.5,14.21726,5431722,42.6736,127285.3,0.568,74.29999,42.21537,65.74999,2775.66,2775.66,2.89,22.75086,22.75086,6018752,0.9024665,141041.6,0.0001008019,9.097032E-05,,,,,,
30850,4921,SSP,E W SCRIPPS COMPANY THE CL A,'811054402,11,6183,25247,25197,25197,50,4833,0,0,53,0,7,0,0,78.3,57.81,-0.074,-0.145,540.9,414.2,47.79879,374866.1,1.11033,337616.8,0.07099999,126.7,82.28256,21.09,1735.339,1735.339,3.16,6.67405,6.67405,472012.1,0.7941874,425109.8,0.0001124387,8.929741E-05,,,,,,
24293,6965,ASGN,ASGN INC,'00191U102,11,7233,25247,25197,25197,50,7363,0,0,57,0,12,0,0,98.4,51.504,0.919,0.83,1025.7,990.5,21.04509,282553.8,1.579445,178894.4,0.08900005,35.19995,53.20004,101.46,5397.676,5397.676,8.51,11.92244,11.92244,325088.1,0.869161,205824.2,0.0001022479,8.886986E-05,,,,,,
40993,8409,VNOM,VIPER ENERGY PARTNERS LP COMMON UNIT,'92763M105,71,1758,25247,25197,25197,50,1311,0,0,50,0,4,0,0,74.9,56.559,-0.046,-2.096,97,78.7,54.67439,1.24679E+07,22.10862,563938.4,2.05,18.3,64.70808,19.13,1237.866,1237.866,1.95,9.810257,9.810257,1.302454E+07,0.9572625,589115.8,9.280753E-05,8.884117E-05,,,,,,
32791,2697,HZO,MARINEMAX INC FL,'567908108,11,5794,25247,25197,25197,50,5551,0,0,53,0,9,0,0,99.3,21.71,1.758,0.235,523.1,308.5,52.26768,6635968,10.67855,621429.7,1.523,214.6,22.15535,48.01,1063.678,1063.678,20.12,2.386183,2.386183,6580196,1.008476,616206.8,8.482165E-05,8.554058E-05,,,,,,
44203,6078,VSTO,VISTA OUTDOOR INC,'928377100,11,1595,25247,25197,25197,50,3949,0,0,53,0,1,0,0,88.1,56.502,1.147,-2.437,596.5,426.3,119.2053,1.124738E+07,15.61566,720263.3,3.584,170.2,57.74628,43.03,2484.823,2484.823,5.29,8.134216,8.134216,1.565395E+07,0.7185013,1002452,0.0001189137,8.543963E-05,,,,,,
39117,5489,TIPT,TIPTREE INC CL A,'88822Q103,11,1971,25247,25197,25197,50,6798,1,1,55,1,11,1,0,37,20.538,0.882,-1.755,294.7,129.7,99.98218,2322434,11.76182,197455.4,2.637,165,32.75622,10.51,344.2679,344.2679,3.89,2.701799,2.701799,5702096,0.4072948,484797.3,0.000206235,8.399846E-05,,,,,,
43995,1029,KTB,KONTOOR BRANDS INC,'50050N103,11,517,25247,25197,25197,50,2321,0,0,53,0,1,0,0,95.3,53.025,1.124,-0.048,651.8,504.5,40.88545,1.236706E+07,24.67679,501161.5,1.172,147.3,57.63191,64.41328,3712.261,3712.261,6.03,10.68214,10.68214,1.220803E+07,1.013027,494717,8.264412E-05,8.37207E-05,,,,,,
42489,9026,OVID,OVID THERAPEUTICS INC,'690469101,11,1032,25247,25197,25197,50,2834,0,0,56,0,10,0,0,53.7,46.768,2.663,-0.366,208.4,0,80.32129,1.065292E+07,12.17469,875005.8,3.029,208.4,67.81609,4.49,304.4942,304.4942,1.85,2.427027,2.427027,1.134044E+07,0.9393748,931476.8,8.623005E-05,8.100233E-05,,,,,,
37991,1480,DCP,DCP MIDSTREAM LP,'23311P100,71,3906,25247,25197,25197,50,4922,0,0,50,0,8,0,0,32.1,89.744,0.187,-2.708,2318,1657,59.59462,4226328,6.037823,699975.5,2.895,661,208.3616,30.76,6409.204,6409.204,1.69,18.20118,18.20118,4333254,0.9753245,717684.8,8.303732E-05,8.098833E-05,,,,,,
37805,1340,EVRI,EVERI HOLDINGS INC,'30034T103,11,3955,25247,25197,25197,50,7389,0,0,53,0,12,0,0,91.1,86.559,0.236,-0.159,139.1,113.3,74.0625,2.253726E+07,14.20432,1586649,0.395,25.8,88.12046,22.28,1963.324,1963.324,2.26,9.858407,9.858407,1.730062E+07,1.302685,1217984,6.080747E-05,7.921297E-05,,,,,,
31593,987,MMS,MAXIMUS INC,'577933104,11,6038,25247,25197,25197,50,8742,0,0,52,0,12,0,0,98,60.779,1.3,0.432,959.3,818.1,31.82206,781739,3.33483,234416.4,0.8679999,141.2,61.47173,94.39001,5802.317,5802.317,4.84,19.50207,19.50207,1031219,0.7580728,309226.8,0.0001029085,7.801211E-05,,,,,,
7194,2799,MTZ,MASTEC INC,'576323109,11,12228,25247,25197,25197,50,1623,0,0,52,0,12,0,0,83.4,55.856,0.906,0.485,1775.4,1416.6,75.90038,4237510,6.306378,671940.4,0.421,358.8,74.31158,117.22,8710.803,8710.803,10.78,10.87384,10.87384,5126418,0.8266026,812894.2,9.337055E-05,7.718034E-05,,,,,,
4316,1303,RLGT,RADIANT LOGISTICS INC,'75025X100,11,2369,25247,25197,25197,50,4731,0,0,52,0,12,0,0,56.3,36.075,0.1,0.001,236.5,177.2,17.0347,443426.1,2.391483,185418.9,0.099,59.3,50.12081,7.42,371.8964,371.8964,0.51,14.54902,14.54902,484180,0.915829,202460.2,8.413852E-05,7.705649E-05,,,,,,
36194,1442,KIRK,KIRKLAND S INC,'497498105,11,4763,25247,25218,25218,29,5999,0,0,53,0,9,0,0,71.8,13.324,0.12,-0.532,123.6,77.2,36.92397,9744974,12.2849,793248,0.652,46.4,14.25341,23.77,338.8036,338.8036,5.24,4.53626,4.53626,7649521,1.273933,622676.6,5.929879E-05,7.554266E-05,,,,,,
43172,9370,BV,BRIGHTVIEW HOLDINGS INC,'10948C107,11,743,25247,25197,25197,50,7389,0,0,52,0,12,0,0,97.1,52.375,0.06,-0.198,651.9,559.1,27.44524,3010115,20.94755,143697.7,0.258,92.80005,105.1837,17.46,1836.508,1836.508,1.9,9.189474,9.189474,4791246,0.628253,228725.8,0.0001199919,7.538528E-05,,,,,,
44453,1189,SPB,SPECTRUM BRANDS HOLDINGS INC,'84790A105,11,14837,25247,25198,25198,49,3691,0,0,53,0,6,0,0,99.3,41.182,0.859,-1.264,1149.8,937.8,26.62553,2294216,9.567796,239785.2,2.123,212.0001,42.62869,86.43999,3684.824,3684.824,6.12,14.12418,14.12418,2788062,0.8228714,291400.6,9.137087E-05,7.518648E-05,,,,,,
38047,3873,LQDT,LIQUIDITY SERVICES INC,'53635B107,11,3851,25247,25197,25197,50,7389,0,0,57,0,12,0,0,67.3,26.495,0.157,-0.126,61.8,52.8,44.96517,3634723,11.54663,314786.5,0.283,9,35.12729,22.89,804.0637,804.0637,1.62,14.12963,14.12963,5014601,0.7248279,434291.3,0.0001035369,7.504642E-05,,,,,,
31087,450,TEN,TENNECO INC CL A VOTING,'880349105,11,6164,25247,25197,25197,50,3714,0,0,53,0,2,0,0,69.6,80.459,0.793,-10.337,4731,3836,96.41512,4.74753E+07,20.27023,2342120,11.13,895,85.04496,20.82,1770.636,1770.636,4.67,4.458244,4.458244,3.520229E+07,1.348642,1736650,5.551788E-05,7.487377E-05,,,,,,
33961,1721,FLWS,1 800 FLOWERS COM INC CL A,'68243Q106,11,5500,25247,25194,25194,53,5990,0,0,53,0,9,0,0,81.1,24.665,0.022,-0.15,474.2,278.8,66.97449,1.271091E+07,15.58539,815565.8,0.172,195.4,65.08389,37.97,2471.235,2471.235,2.97,12.78451,12.78451,1.335759E+07,0.9515867,857058.9,7.814457E-05,7.436133E-05,,,,,,
26315,3724,IT,GARTNER INC,'366651107,11,6971,25247,25197,25197,50,8748,0,0,57,0,12,0,0,94.2,82.714,1.857,0.842,1104,1018.9,50.69219,1856403,2.644508,701984.2,1.015,85.09998,86.07298,232.94,20049.84,20049.84,10.38,22.44123,22.44123,1843117,1.007208,696960.2,7.273326E-05,7.325756E-05,,,,,,
46319,510,JAZZ,JAZZ PHARMACEUTICALS PLC,'G50871105,12,3532,25247,25197,25197,50,2834,0,0,56,0,10,0,0,99.2,55.35,2.158,-2.821,607.6,534.7,47.33545,1.019288E+07,15.86805,642352.5,4.979,72.89996,56.89594,186.17,10592.32,10592.32,15.78,11.79784,11.79784,1.023967E+07,0.9954305,645301.2,7.335404E-05,7.301885E-05,,,,,,
17495,2865,SNA,SNAP ON INC,'833034101,11,12228,25247,25198,25198,49,3423,0,0,52,0,3,0,0,92.1,53.164,3.554,2.517,1113.2,938.1,32.68063,656168.4,1.958534,335030.4,1.037,175.1,54.08014,238.88,12918.66,12918.66,14.52,16.45179,16.45179,761511.1,0.8616661,388816.9,8.405145E-05,7.242429E-05,,,,,,
42257,8143,GOLF,ACUSHNET HOLDINGS CORP,'005098108,11,1161,25247,25197,25197,50,3949,0,0,53,0,1,0,0,50.1,34.659,1.136,0.119,580.9,408.7,28.98197,3574210,16.25584,219872.4,1.017,172.2,74.06411,50.58,3746.163,3746.163,3.13,16.15974,16.15974,4827072,0.7404511,296943.9,9.760083E-05,7.226865E-05,,,,,,
38043,5487,CROX,CROCS INC,'227046109,11,3861,25247,25197,25197,50,3021,0,0,53,0,3,0,0,96.8,63.716,1.503,0.163,460.1,281.2,73.824,3.310201E+07,13.42982,2464813,1.34,178.9,65.23013,108.64,7086.602,7086.602,5.1,21.30196,21.30196,2.135873E+07,1.549812,1590395,4.641865E-05,7.194017E-05,,,,,,
25568,7424,SANM,SANMINA CORP,'801056102,11,7092,25247,25198,25198,49,3672,0,0,57,0,6,0,0,98,63.633,0.721,0.069,1699.7,1590.6,28.65891,1085958,3.427664,316821.6,0.652,109.1,65.09515,42.02,2735.298,2735.298,3.54,11.87006,11.87006,1220670,0.8896408,356123.1,8.047475E-05,7.159362E-05,,,,,,
20691,7118,VOXX,VOXX INTERNATIONAL CORP CL A,'91829F104,11,8578,25247,25174,25174,73,5065,0,0,57,0,9,0,0,51,14.878,0.39,-0.901,162.5,101.1,20.65132,1682964,12.40498,135668.4,1.291,61.4,23.98726,15.19,364.3665,364.3665,1.3,11.68462,11.68462,2472413,0.6806967,199308.1,0.000103615,7.053041E-05,,,,,,
11967,2767,FUL,H B FULLER COMPANY,'359694106,11,12228,25247,25174,25174,73,2891,0,0,51,0,5,0,0,99,51.722,0.568,0.193,725.9,646.6,31.02026,114235.7,0.3517815,324734.9,0.375,79.30005,52.09188,69.06,3597.465,3597.465,4.99,13.83968,13.83968,133294.6,0.8570168,378913.2,8.186641E-05,7.016089E-05,,,,,,
26922,4430,POLY,PLANTRONICS INC,'727493108,11,6896,25247,25198,25198,49,3661,0,0,57,0,6,0,0,97.1,40.82,0.265,-16.937,476.2,403,47.75258,815846.7,1.861215,438340.9,17.202,73.20001,41.84031,38.46,1609.178,1609.178,2.96,12.99324,12.99324,1030291,0.7918605,553558.2,8.626479E-05,6.830967E-05,,,,,,
42246,7949,FRTA,FORTERRA INC,'34960W106,11,1167,25247,25197,25197,50,3442,0,0,51,0,3,0,0,97.3,29.982,0.282,-0.216,368.1,330.9,30.02219,5273444,16.4458,320655.9,0.498,37.20001,66.68804,23.43,1562.501,1562.501,3.01,7.784053,7.784053,6178318,0.8535404,375677.5,7.99148E-05,6.821051E-05,,,,,,
20905,2254,PII,POLARIS INC,'731068102,11,8502,25247,25197,25197,50,3799,0,0,53,0,3,0,0,79.1,57.579,2.163,-0.087,1951.1,1405.2,39.49654,263798.8,0.2412384,1093519,2.25,545.9,61.2417,131.09,8028.176,8028.176,12.4,10.57178,10.57178,192394.1,1.371138,797526.8,4.952378E-05,6.790394E-05,,,,,,
36722,2200,NXST,NEXSTAR MEDIA GROUP INC CL A,'65336K103,11,4416,25247,25197,25197,50,4833,0,0,53,0,7,0,0,98.5,41.074,4.64,3.433,1113.9,1091.8,37.26342,3360971,10.44506,321776.3,1.207,22.09998,42.74452,146.83,6276.178,6276.178,21.61,6.79454,6.79454,4445004,0.7561234,425560.6,8.756313E-05,6.620854E-05,,,,,,
955,4417,LAKE,LAKELAND INDUSTRIES INC,'511795106,11,8760,25247,25155,25155,92,3840,0,0,53,0,10,0,0,70.1,7.774,0.986,0.151,36.9,28.2,7.731712,745949,3.537919,210844,0.835,8.700001,8.029198,23.13,185.7153,185.7153,4.8,4.81875,4.81875,556072.5,1.34146,157175,4.919173E-05,6.598874E-05,,,,,,
9816,1160,CTS,CTS CORP,'126501105,11,14857,25247,25197,25197,50,3679,0,0,57,0,6,0,0,95.7,31.588,0.371,0.117,128.4,103.1,14.0766,46002.03,0.286149,160762.5,0.254,25.3,32.34853,37.11,1200.454,1200.454,2.09,17.75598,17.75598,53177.72,0.8650621,185839.2,7.574612E-05,6.55251E-05,,,,,,
39550,2222,GTS,TRIPLE S MANAGEMENT CORP,'896749108,11,3400,25247,25197,25197,50,6321,0,0,56,0,11,0,0,80,22.566,1.003,-1.118,1039.5,842.8,6.580091,687576.2,12.71509,54075.6,2.121,196.7,23.67821,24.62,582.9575,582.9575,11.23,2.192342,2.192342,941540.5,0.7302672,74049.05,8.886123E-05,6.489245E-05,,,,,,
41075,8471,WMS,ADVANCED DRAINAGE SYSTEMS INC,'00790R104,11,1732,25247,25197,25197,50,3442,0,0,53,0,3,0,0,87.7,58.222,0.234,0.009,443.8,370.8,32.37066,6369042,14.63096,435312.7,0.225,73,71.59143,105.06,7521.396,7521.396,4.8,21.8875,21.8875,6821197,0.9337132,466216.7,6.943265E-05,6.483019E-05,,,,,,
29696,311,HUBG,HUB GROUP INC CL A,'443320106,11,6355,25247,25197,25197,50,4730,0,0,52,0,12,0,0,95.4,32.659,0.516,0.399,919.6,838.9,14.18977,753194.1,3.435164,219260,0.117,80.69995,34.42714,66.31,2282.864,2282.864,4.82,13.75726,13.75726,754211.5,0.998651,219556.2,6.462933E-05,6.454215E-05,,,,,,
41278,8608,PRAH,PRA HEALTH SCIENCES INC,'69354M108,11,1654,25247,25197,25197,50,3826,0,0,56,0,6,0,0,97.2,64.645,0.888,0.646,933.8,783.7,47.37854,1.246762E+07,19.58545,636575.6,0.242,150.1,64.79519,168.66,10928.36,10928.36,7.55,22.33907,22.33907,1.33959E+07,0.9307044,683971.8,6.926973E-05,6.446964E-05,,,,,,
21038,1855,MAN,MANPOWERGROUP,'56418H100,11,8343,25247,25197,25197,50,7363,0,0,52,0,12,0,0,98.1,54.117,1.125,0.029,4924.4,4619.1,37.84895,3054318,12.65962,241264.7,1.096,305.2998,54.52539,122.99,6706.078,6706.078,13.43,9.157856,9.157856,4810440,0.6349353,379983.2,9.960691E-05,6.324394E-05,,,,,,
1645,1856,AVD,AMERICAN VANGUARD CORP,'030371108,11,8640,25247,25197,25197,50,2873,0,0,51,0,5,0,0,80.1,26.98,0.103,0.018,116.2,96,9.969818,11053.69,0.1325756,83376.5,0.085,20.2,30.82626,17.84,549.9406,549.9406,1.94,9.195877,9.195877,15245.9,0.7250273,114997.8,8.669576E-05,6.285679E-05,,,,,,
5581,6947,DLNG,DYNAGAS LNG PARTNERS LP,'Y2188B108,72,1906,25247,25136,25136,111,9999,0,0,50,0,12,0,0,20.5,32.05,0.22,-0.22,34.4,34.3,9.486175,389058.3,10.10901,38486.3,0.44,0.1000023,51.2,2.77,141.824,141.824,1.94,1.427835,1.427835,774124.7,0.5025783,76577.72,0.0001238764,6.225761E-05,,,,,,
9952,1192,ARW,ARROW ELECTRONICS INC,'042735100,11,14837,25247,25198,25198,49,5065,0,0,57,0,9,0,0,97.6,73.567,2.755,0.616,8385.9,6381.4,27.31964,117657.7,0.2256229,521479.3,2.139,2004.5,74.16791,120.89,8966.159,8966.159,9.85,12.2731,12.2731,108040.1,1.089018,478852.7,5.70523E-05,6.2131E-05,,,,,,
22000,4158,THO,THOR INDUSTRIES INC,'885160101,11,9433,25247,25155,25155,92,3716,0,0,53,0,2,0,0,94.7,53.007,2.394,0.519,2727.8,2003.1,22.12026,375696.3,0.3494644,1075063,1.875,724.7001,55.36621,114.1,6317.286,6317.286,5.43,21.01289,21.01289,216313.5,1.736814,618985.8,3.57363E-05,6.206729E-05,,,,,,
35431,789,SHEN,SHENANDOAH TELECOMMUNICATIONS CO,'82312B106,11,5190,25247,25197,25197,50,4813,0,0,57,0,7,0,0,56.6,47.857,1.032,0.266,59.7,53.1,9.856665,255653.8,1.787189,143048,0.7659999,6.600002,49.9435,49.82,2488.185,2488.185,3.97,12.54912,12.54912,269481.6,0.9486873,150785.2,6.536891E-05,6.201465E-05,,,,,,
22292,2689,AN,AUTONATION INC,'05329W102,11,7831,25247,25197,25197,50,5511,0,0,53,0,9,0,0,86.9,67.771,2.881,-2.581,5903.8,4667,45.49776,1925280,2.102954,915512.5,5.462,1236.8,80.48029,97.91999,7880.629,7880.629,16.87,5.804386,5.804386,1725124,1.116025,820333.6,5.546252E-05,6.189754E-05,,,,,,
4737,4385,SUN,SUNOCO LP,'86765K109,71,2193,25247,25197,25197,50,5411,0,0,50,0,9,0,0,26.1,54.544,1.608,-1.783,3471,3272,37.28923,3111742,10.5527,294876.3,3.391,199,83.35057,38.32,3193.994,3193.994,1.93,19.85492,19.85492,4503019,0.6910347,426717.1,8.738629E-05,6.038696E-05,,,,,,
17490,2763,OMI,OWENS & MINOR INC,'690732102,11,12228,25247,25197,25197,50,5047,0,0,56,0,9,0,0,89.4,72.423,0.982,-0.187,2326.5,2122.7,66.36672,196375.8,0.1563129,1256300,1.169,203.8,75.14803,47.54,3572.537,3572.537,4.07,11.68059,11.68059,186326.4,1.053935,1192009,5.567638E-05,5.867927E-05,,,,,,
11902,2765,FELE,FRANKLIN ELECTRIC CO INC,'353514102,11,12228,25247,25197,25197,50,3620,0,0,52,0,3,0,0,81.8,38.743,0.602,0.229,333,266.8,13.58312,22607.83,0.1521525,148586.6,0.373,66.20001,46.47911,80.86001,3758.302,3758.302,3.58,22.5866,22.5866,28254.32,0.8001548,185697.3,7.314657E-05,5.852858E-05,,,,,,
40924,8341,LPG,DORIAN LPG LTD,'Y2106R110,12,1786,25247,25197,25197,50,4922,0,0,50,0,8,0,0,65.3,43.022,0.929,0.562,99.6,95.2,26.2661,5949940,18.60517,319800.3,0.367,4.400002,49.88826,14.71,733.8564,733.8564,3.33,4.417417,4.417417,7049137,0.8440664,378880.6,6.932554E-05,5.851535E-05,,,,,,
23816,3511,AGCO,AGCO CORP,'001084102,11,7342,25247,25197,25197,50,3523,0,0,52,0,3,0,0,82.3,62.346,2.003,0.859,2378.7,1928.3,49.58155,1786060,3.349496,533232.7,1.144,450.3999,75.35147,130.81,9856.726,9856.726,9.22,14.18763,14.18763,2255660,0.7918127,673432.8,7.362509E-05,5.829728E-05,,,,,,
41625,3541,BLD,TOPBUILD CORP,'89055F103,11,1497,25247,25197,25197,50,3442,0,0,52,0,3,0,0,99.8,32.661,1.823,1.531,742.8,653.2,15.93803,4480097,12.15094,368703.8,0.2919999,89.59998,33.06151,193.06,6382.854,6382.854,10.15,19.02069,19.02069,3880377,1.154552,319347.9,4.990805E-05,5.762144E-05,,,,,,
36563,1622,MOH,MOLINA HEALTHCARE INC,'60855R100,11,4517,25247,25197,25197,50,6324,0,0,56,0,11,0,0,97.4,57.896,3.951,2.957,6522,4549,18.41629,3200912,12.10525,264423.4,0.994,1973,58.39996,248.39,14505.97,14505.97,37.73,6.583356,6.583356,3561272,0.8988112,294192.3,6.259947E-05,5.626511E-05,,,,,,
3002,1504,LH,LABORATORY CORP OF AMERICA HOLDINGS,'50540R409,11,8298,25247,25197,25197,50,8071,0,0,56,0,10,0,0,94.3,97.126,7.813,-3.263,4161.5,2823.8,27.76103,1.402017E+07,16.9644,826446.7,11.076,1337.7,97.70005,258.55,25260.35,25260.35,27.67,9.344056,9.344056,1.100099E+07,1.274446,648475.4,4.280969E-05,5.455862E-05,,,,,,
31020,4442,LAD,LITHIA MOTORS INC,'536797103,11,6160,25247,25197,25197,50,5511,0,0,53,0,9,0,0,86,29.452,5.872,1.983,4343,2803.8,19.80146,2937708,7.226359,406526.7,3.889,1539.2,30.22283,333.99,10094.12,10094.12,30.04,11.11817,11.11817,2789350,1.053187,385996.6,5.129957E-05,5.402804E-05,,,,,,
42134,1271,HOME,AT HOME GROUP INC,'04650Y100,11,1221,25247,25218,25218,29,5712,0,0,53,0,9,0,0,92.6,64.915,0.861,-5.597,537.1,189.8,124.276,2.044976E+07,14.95896,1367058,6.458,347.3,65.48353,36.4,2383.601,2383.601,7.4,4.91892,4.91892,2.664548E+07,0.7674758,1781239,6.976943E-05,5.354634E-05,,,,,,
9540,1126,R,RYDER SYSTEM INC,'783549108,11,15285,25247,25197,25197,50,7513,0,0,52,0,12,0,0,89.1,53.473,0.967,-2.099,2221.6,2161.3,30.22237,202338.9,0.4413723,458431.2,3.066,60.30005,53.86992,79.42,4278.349,4278.349,18.87,4.208797,4.208797,224808.2,0.900051,509339.2,5.933643E-05,5.340581E-05,,,,,,
38034,347,PERI,PERION NETWORK LTD,'M78673114,12,3867,25247,25197,25197,50,7371,0,0,57,0,6,0,0,51.2,27.884,0.103,0.051,89.8,66.1,54.16666,8076554,17.53268,460657,0.052,23.7,32.62367,17.02,555.2549,555.2549,1.01,16.85149,16.85149,1.200774E+07,0.6726122,684877.6,7.908956E-05,5.31966E-05,,,,,,
32457,2244,COLM,COLUMBIA SPORTSWEAR COMPANY,'198516106,11,5840,25247,25197,25197,50,5130,0,0,53,0,9,0,0,44,37.635,0.842,0.003,625.6,568.2,22.65525,1906293,4.999742,381278.3,0.839,57.39996,66.45464,103.16,6855.461,6855.461,4.99,20.67335,20.67335,2038274,0.9352486,407675.9,5.557171E-05,5.197336E-05,,,,,,
15636,184,HRC,HILL ROM HOLDINGS INC,'431475102,11,12600,25247,25197,25197,50,3841,0,0,56,0,10,0,0,88.2,66.357,1.312,0.703,762,723.2,17.99873,94374.61,0.252242,374143.2,0.609,38.79999,66.46566,113.76,7561.134,7561.134,6.44,17.6646,17.6646,91156.22,1.035306,361384,4.9805E-05,5.156343E-05,,,,,,
37906,6338,IRBT,IROBOT CORP,'462726100,11,3922,25247,25198,25198,49,8731,0,0,57,0,12,0,0,91.6,27.575,0.263,-0.641,303.3,192.5,24.92504,1.43665E+07,25.28572,568166.6,0.904,110.8,28.09481,95.83001,2692.326,2692.326,6.37,15.04396,15.04396,1.327917E+07,1.081883,525164.6,4.746139E-05,5.134766E-05,,,,,,
17112,5435,RBC,REGAL BELOIT CORP,'758750103,11,12019,25247,25198,25198,49,3621,0,0,52,0,3,0,0,98.4,40.422,1.616,1.128,814.1,734.2,15.68459,41792.74,0.1848309,226113.4,0.488,79.89996,40.63021,137.36,5580.965,5580.965,6.99,19.65093,19.65093,48808.64,0.8562569,264071.9,5.939515E-05,5.085751E-05,,,,,,
40882,8317,ENBL,ENABLE MIDSTREAM PARTNERS LP,'292480100,71,1804,25247,25197,25197,50,4922,0,0,50,0,8,0,0,11.9,88.905,0.354,0.236,970,648,73.20874,8364010,11.32486,738552.9,0.118,322,435.8613,9.7,4227.855,4227.855,0.55,17.63636,17.63636,1.171789E+07,0.7137812,1034705,7.075327E-05,5.050236E-05,,,,,,
18536,2876,NJR,NEWJERSEY RESOURCES CORP,'646025106,11,12228,25247,25197,25197,50,4924,0,0,59,0,8,0,0,74.5,95.506,1.556,0.773,802.2,639.6,35.09238,36236.39,0.1062234,341133.7,0.783,162.6,96.34035,44.15,4253.427,4253.427,2.31,19.11255,19.11255,51818.54,0.6992938,487825.9,7.193627E-05,5.030458E-05,,,,,,
16258,1662,SPXC,SPX CORP,'784635104,11,12321,25247,25198,25198,49,3561,0,0,52,0,3,0,0,97.1,44.571,0.594,0.512,398.5,369.3,7.743812,57898.14,0.3331534,173788.2,0.08199996,29.20001,45.30944,59.55,2698.177,2698.177,3.61,16.49585,16.49585,54628.56,1.059851,163974.2,4.72258E-05,5.005231E-05,,,,,,
31234,5928,SLGN,SILGAN HOLDINGS INC,'827048109,11,6120,25247,25197,25197,50,3441,0,0,51,0,3,0,0,69.2,83.459,0.665,0.52,1238.1,1030.4,21.04722,489011.8,1.893123,258309.5,0.145,207.7,110.3987,42.57,4699.671,4699.671,2.83,15.0424,15.0424,627825.2,0.7788979,331634.6,6.34651E-05,4.943284E-05,,,,,,
1260,36,BC,BRUNSWICK CORP,'117043109,11,24043,25247,25198,25198,49,3519,0,0,53,0,3,0,0,96.7,76.953,2.165,0.863,1433.2,965.5,30.52166,5778.641,0.00732208,789207.6,1.302,467.7,77.89787,96.68,7531.167,7531.167,7.96,12.14573,12.14573,5113.736,1.130023,698399.4,4.37023E-05,4.938462E-05,,,,,,
36928,5056,UCTT,ULTRA CLEAN HOLDINGS INC,'90385V107,11,4333,25247,25194,25194,53,3674,0,0,57,0,6,0,0,84.9,43.295,0.616,0.236,417.6,320.9,66.96714,2799416,7.060649,396481.4,0.38,96.70001,44.25364,57.42,2541.044,2541.044,2.68,21.42537,21.42537,5185008,0.5399058,734353,9.119203E-05,4.92351E-05,,,,,,
16988,5410,TEX,TEREX CORP,'880779103,11,9734,25247,25197,25197,50,3537,0,0,52,0,3,0,0,87.9,67.694,0.577,-0.353,864.2,833.6,35.56081,1951797,3.337831,584750.1,0.93,30.60004,69.80022,48.15,3360.881,3360.881,5.69,8.462214,8.462214,2192372,0.8902672,656825.4,5.414043E-05,4.819945E-05,,,,,,
33474,5140,MKSI,MKS INSTRUMENTS INC,'55306N104,11,5587,25247,25197,25197,50,3820,0,0,52,0,6,0,0,98.8,55.117,2.212,1.259,693.9,535.7,18.57275,2989024,10.24639,291714.8,0.9529999,158.2,55.35685,177.56,9829.162,9829.162,7.58,23.4248,23.4248,3519878,0.8491842,343523.6,5.406542E-05,4.59115E-05,,,,,,
41264,8594,SYNH,SYNEOS HEALTH INC CL A,'87166B102,11,1658,25247,25197,25197,50,3826,0,0,56,0,6,0,0,94.8,61.248,0.371,0.322,1208.7,1163.4,27.52475,4.500342E+07,20.45393,2200234,0.04899999,45.29993,104.2919,83.71999,8731.313,8731.313,5.15,16.25631,16.25631,2.357093E+07,1.909276,1152392,2.388489E-05,4.560286E-05,,,,,,
44576,1075,HI,HILLENBRAND INC,'431571108,11,3323,25247,25197,25197,50,3995,0,0,52,0,2,0,0,88.9,74.574,1.034,-0.985,722.3,648.9,15.65566,5297759,15.43777,343168.8,2.019,73.39996,75.24774,45.47,3421.515,3421.515,6.24,7.286859,7.286859,5346885,0.9908122,346351,4.520172E-05,4.478642E-05,,,,,,
3731,235,CSOD,CORNERSTONE ONDEMAND INC,'21925Y103,11,2576,25247,25197,25197,50,9999,0,0,57,0,12,0,0,88.1,62.256,-0.19,-0.224,209.3,150.1,17.5819,7990795,18.77037,425713.2,0.03400001,59.2,66.1991,50.96,3373.506,3373.506,2.53,20.14229,20.14229,7750498,1.031004,412911.3,4.258034E-05,4.390051E-05,,,,,,
42034,2333,NGVT,INGEVITY CORP,'45688C107,11,1277,25247,25197,25197,50,2819,0,0,51,0,5,0,0,93.9,36.817,1.205,1.087,320.3,288.2,14.99106,4522565,25.62143,176514.9,0.118,32.09998,40.0284,83.61,3346.774,3346.774,6.38,13.10502,13.10502,6356098,0.7115316,248077.4,6.042895E-05,4.299711E-05,,,,,,
26385,7070,BYD,BOYD GAMING CORP,'103304101,11,6963,25247,25197,25197,50,7011,0,0,53,0,12,0,0,69.8,81.905,0.899,-1.298,753.3,680.5,49.6665,1.665455E+07,17.51363,950947.9,2.197,72.79999,112.0806,62.83,7042.024,7042.024,2.81,22.35943,22.35943,1.844194E+07,0.9030802,1053005,4.716645E-05,4.259509E-05,,,,,,
30842,9402,NUS,NU SKIN ENTERPRISES INC,'67018T105,11,6177,25247,25197,25197,50,5122,0,0,54,0,9,0,0,82.5,49.228,0.935,0.358,677,518,19.89577,6251597,14.93295,418644.4,0.577,159,50.04306,61.19,3062.135,3062.135,2.89,21.17301,21.17301,6616424,0.9448604,443075.4,4.49038E-05,4.242782E-05,,,,,,
41665,1262,MCFT,MASTERCRAFT BOAT HOLDINGS INC,'57637H103,11,1486,25247,25198,25198,49,3732,0,0,53,0,3,0,0,89.4,18.257,0.934,-1.959,147.9,102.6,15.06668,2446534,11.47369,213229.8,2.893,45.3,18.95189,25.89,490.6643,490.6643,1.91,13.55498,13.55498,3165406,0.7728972,275883.8,5.461242E-05,4.220979E-05,,,,,,
37089,4822,ENS,ENERSYS,'29275Y102,11,4246,25247,25197,25197,50,5063,0,0,52,0,9,0,0,98.5,42.04,0.793,-0.036,813.5,781.8,12.22937,2476358,10.9514,226122.4,0.829,31.70001,42.83202,95.07568,4072.284,4072.284,5.98,15.89894,15.89894,2814116,0.8799773,256963.9,4.759179E-05,4.187969E-05,,,,,,
40710,1114,TACO,DEL TACO RESTAURANTS INC,'245496104,11,1869,25247,25191,25191,56,5812,0,0,53,0,9,0,0,72.1,30.805,0.072,-2.764,115.5,109.8,16.86123,2145772,9.322776,230164.5,2.836,5.699997,36.75648,10.71,393.6619,393.6619,1.36,7.874999,7.874999,2868675,0.7480012,307706.1,5.479652E-05,4.098786E-05,,,,,,
45002,6521,TPB,TURNING POINT BRANDS INC,'90041L105,11,1280,25247,25197,25197,50,2111,0,0,54,0,1,0,0,92.1,18.25,0.617,0.229,107.6,90.7,6.009901,2323086,9.875537,235236.4,0.388,16.9,19.05863,45.05999,858.7819,858.7819,2.05,21.98049,21.98049,1836534,1.264929,185968,3.231685E-05,4.087852E-05,,,,,,
41004,5153,AMPH,AMPHASTAR PHARMACEUTICALS INC,'03209R103,11,1753,25247,25197,25197,50,2834,0,0,56,0,10,0,0,55.9,36.406,0.106,0.085,103,84.7,5.452609,1894084,8.734166,216859.2,0.021,18.3,47.63665,19.92,948.9221,948.9221,0.9299999,21.41936,21.41936,1511850,1.252825,173096.1,3.150047E-05,3.946458E-05,,,,,,
46007,3154,RC,READY CAPITAL CORPROATION,'75574U101,18,2098,25247,25197,25197,50,6798,1,1,60,0,11,0,0,65.1,69.968,0.481,-0.931,73.9,73.6,38.07862,3021236,7.891016,382870.4,1.412,0.3000031,71.22462,15.74,1121.076,1121.076,0.9599999,16.39584,16.39584,4814034,0.6275893,610065.2,6.241729E-05,3.917242E-05,,,,,,
40837,5012,ATEN,A10 NETWORKS INC,'002121101,11,1819,25247,25197,25197,50,7372,0,0,57,0,6,0,0,86.8,64.092,0.035,-0.004,54.8,53.8,28.83434,7976793,16.17743,493081.6,0.039,1,77.33739,10.5,812.0425,812.0425,0.52,20.19231,20.19231,9977890,0.7994469,616778.4,4.674993E-05,3.737408E-05,,,,,,
40164,4249,ECHO,ECHO GLOBAL LOGISTICS INC,'27875T101,11,2942,25247,25197,25197,50,9999,0,0,52,0,12,0,0,97.4,26.029,0.392,-0.113,800.8,551,10.72268,1894881,12.98568,145920.9,0.505,249.8,26.63407,32.94,877.3264,877.3264,2.14,15.39252,15.39252,2665498,0.7108919,205264.5,5.223837E-05,3.713584E-05,,,,,,
13044,2172,WWW,WOLVERINE WORLD WIDE INC,'978097103,11,14070,25247,25198,25198,49,3021,0,0,53,0,3,0,0,96.9,80.88,0.454,0.158,510.7,439.3,18.50665,204760.5,0.434137,471649.4,0.296,71.40002,82.82751,37.42,3099.406,3099.406,4.54,8.242291,8.242291,210893.7,0.9709181,485776.8,3.809702E-05,3.698908E-05,,,,,,
43382,3949,HNGR,HANGER INC,'41043F208,11,691,25247,25197,25197,50,8093,0,0,56,0,10,0,0,97.3,36.391,-0.087,-0.419,237.5,233.7,9.07557,1.514018E+07,139.9154,108209.5,0.332,3.800003,38.54215,25.84,995.9292,995.9292,3.46,7.468208,7.468208,2.29158E+07,0.6606873,163783.2,5.541209E-05,3.661006E-05,,,,,,
42212,6782,FLGT,FULGENT GENETICS INC,'359664109,11,1182,25247,25197,25197,50,3826,0,0,56,0,6,0,0,35.5,19.049,6.961,-0.091,359.4,7.8,54.03042,7740660,9.151292,845854.4,7.052,351.6,29.00519,73.95,2144.934,2144.934,11.08,6.674188,6.674188,1.023344E+07,0.7564083,1118251,4.83169E-05,3.654731E-05,,,,,,
38999,2535,CLR,CONTINENTAL RESOURCES INC,'212015101,11,3544,25247,25197,25197,50,1311,0,0,50,0,4,0,0,14.4,64.793,0.72,-0.508,1215.8,880.8,94.53547,9011379,6.276681,1435692,1.228,335.0001,367.5354,35.53,13058.53,13058.53,4.94,7.192307,7.192307,1.21506E+07,0.7416408,1935832,4.883455E-05,3.621769E-05,,,,,,
25560,6493,ORLY,O REILLY AUTOMOTIVE INC,'67103H107,11,7085,25247,25197,25197,50,5531,0,0,53,0,9,0,0,83.2,68.844,7.127,4.005,3090.9,2476.5,20.43601,866763.5,2.048825,423054,3.122,614.3999,69.76169,534.76,37305.76,37305.76,38.72,13.81095,13.81095,1008062,0.8598311,492019.9,4.153493E-05,3.571303E-05,,,,,,
40436,4793,AOSL,ALPHA AND OMEGA SEMICONDUCTOR LTD,'G6331P104,12,2799,25247,25197,25197,50,9999,0,0,57,0,12,0,0,60.5,20.673,0.622,-0.261,169.2,106.9,14.76408,2768730,16.80849,164722.1,0.883,62.3,26.09211,30.16,786.9379,786.9379,3.95,7.635443,7.635443,4387686,0.6310228,261039.8,5.655874E-05,3.568986E-05,,,,,,
21698,3767,DGII,DIGI INTERNATIONAL INC,'253798102,11,7982,25247,25197,25197,50,3577,0,0,57,0,6,0,0,84.2,33.431,0.095,0.069,77.3,73.4,11.01072,421055.8,2.952065,142630.9,0.026,3.900002,34.0308,19.66,669.0455,669.0455,2.24,8.776785,8.776785,629008.6,0.6693958,213074.1,5.167554E-05,3.459139E-05,,,,,,
39353,7471,ULTA,ULTA BEAUTY INC,'90384S303,11,3430,25247,25218,25218,29,5999,0,0,53,0,9,0,0,94.1,53.263,4.127,-1.392,1938.5,1173.2,22.78168,2.451516E+07,26.06518,940533.2,5.519,765.3,54.75747,338.46,18533.21,18533.21,18.05,18.75125,18.75125,2.076365E+07,1.180677,796605.2,2.859846E-05,3.376554E-05,,,,,,
29893,7204,SYKE,SYKES ENTERPRISES INC,'871237103,11,6322,25247,25197,25197,50,7376,0,0,57,0,6,0,0,93,38.921,0.63,0.338,457.9,411.2,5.264485,1199268,13.72838,87356.9,0.292,46.69998,39.77821,41.79,1662.331,1662.331,3.41,12.25513,12.25513,1616296,0.7419857,117733.9,4.47151E-05,3.317797E-05,,,,,,
26237,4681,UHS,UNIVERSAL HEALTH SERVICES INC,'913903100,11,10067,25247,25197,25197,50,8062,0,0,56,0,10,0,0,96.9,66.751,2.46,1.643,3013,2829.7,20.09059,483277.1,0.7525451,642190.2,0.817,183.3,85.22347,160.38,13668.14,13668.14,22.37,7.169423,7.169423,469887.6,1.028495,624397.9,3.217594E-05,3.309279E-05,,,,,,
42232,7572,CWH,CAMPING WORLD HOLDINGS INC CL A COMMOM STOCK,'13462K109,11,1176,25247,25197,25197,50,3792,0,0,53,0,2,0,0,80.9,42.472,1.43,-0.217,1557.8,1027.3,41.16668,2.442041E+07,18.74557,1302730,1.647,530.5,88.57004,39.38,3487.888,3487.888,10.71,3.676938,3.676938,2.399717E+07,1.017637,1280151,3.215766E-05,3.272483E-05,,,,,,
44462,4757,ENSG,THE ENSIGN GROUP INC,'29358P101,11,3419,25247,25197,25197,50,8051,0,0,56,0,10,0,0,90.8,51.987,0.908,0.764,627.3,589.6,11.24972,790525.6,3.172296,249196.7,0.144,37.70001,54.97696,84.33,4636.207,4636.207,6.16,13.68994,13.68994,930647.5,0.8494362,293367.2,3.83469E-05,3.257324E-05,,,,,,
8909,1056,WHR,WHIRLPOOL CORP,'963320106,11,16725,25247,25197,25197,50,3633,0,0,53,0,2,0,0,93.1,62.352,6.873,2.42,5358,4325,23.63528,113046.8,0.2118118,533713.3,4.453,1033,62.61677,225.93,14147.01,14147.01,27.98,8.074697,8.074697,132378.5,0.8539659,624981.9,3.781754E-05,3.229489E-05,,,,,,
21252,6466,MIDD,THE MIDDLEBY CORP,'596278101,11,8537,25247,25198,25198,49,3550,0,0,53,0,3,0,0,97.1,55.025,1.617,1.332,758.1,677.5,23.75457,346984.7,0.5327561,651301.2,0.285,80.59998,55.63269,169.42,9425.291,9425.291,8.389999,20.19309,20.19309,369103.1,0.9400753,692818.1,3.428688E-05,3.223225E-05,,,,,,
14908,2352,PCH,POTLATCHDELTIC CORP,'737630103,18,12988,25247,25197,25197,50,6798,1,1,60,0,11,0,0,86.1,64.71,1.951,-0.249,354.2,208.9,16.9358,258500.1,0.4889304,528705.3,2.2,145.3,67.04237,54.53,3655.821,3655.821,4.92,11.08333,11.08333,259630.2,0.9956471,531016.8,3.189316E-05,3.175433E-05,,,,,,
23393,4319,TTEK,TETRA TECH INC,'88162G103,11,7426,25247,25194,25194,53,8710,0,0,52,0,12,0,0,91.9,53.405,0.84,0.665,599.8,584.5,8.469784,338618.3,1.129639,299758,0.175,15.29999,54.16041,125.14,6777.633,6777.633,5.29,23.65595,23.65595,322452.4,1.050134,285447.3,2.967197E-05,3.115955E-05,,,,,,
43927,9378,SCPL,SCIPLAY CORP CL A,'809087109,11,531,25247,25197,25197,50,7370,0,0,57,0,6,0,0,88.6,23.65,0.228,0.194,151.1,118.3,25.52595,2993716,14.65638,204260.2,0.03399999,32.8,127.9286,17.9,2289.921,2289.921,7.36,2.432065,2.432065,6010867,0.4980506,410119.4,6.224029E-05,3.099882E-05,,,,,,
21112,5736,MTH,MERITAGE HOMES CORP,'59001A102,11,8288,25247,25197,25197,50,1531,0,0,53,0,12,0,0,99,36.834,3.502,1.868,1088.5,904.9,14.27909,921310.7,2.760798,333711.8,1.634,183.6,37.84719,98.6,3731.733,3731.733,11.82,8.341794,8.341794,1098967,0.8383424,398061.4,3.587158E-05,3.007266E-05,,,,,,
32175,4205,SAH,SONIC AUTOMOTIVE INC,'83545G102,11,5932,25247,25197,25197,50,5511,0,0,53,0,9,0,0,81,21.931,1.305,-4.678,2786.8,2308.1,8.302032,758812.7,3.86144,196510.3,5.983,478.7,41.59544,46.69,1942.091,1942.091,4.32,10.80787,10.80787,900726.8,0.842445,233261.9,3.559104E-05,2.998349E-05,,,,,,
7378,4649,CACI,CACI INTERNATIONAL INC CL A,'127190304,11,10641,25247,25197,25197,50,7373,0,0,57,0,6,0,0,93.1,23.074,4.826,3.213,1551.9,1465.6,9.209717,20543.06,0.1328991,154576.4,1.613,86.30005,23.55057,266.57,6277.876,6277.876,23.29,11.44568,11.44568,29055.74,0.7070224,218630.1,4.212465E-05,2.978307E-05,,,,,,
29503,5882,WSM,WILLIAMS SONOMA INC,'969904101,11,9562,25247,25155,25155,92,5719,0,0,53,0,9,0,0,95.9,74.431,4.038,2.146,2292.7,1843.6,58.09294,572595.9,0.5100011,1122735,1.892,449.1,75.28226,169.75,12779.16,12779.16,11.94,14.21692,14.21692,756540.9,0.7568606,1483410,3.916175E-05,2.963998E-05,,,,,,
42513,1205,CARS,CARS COM INC,'14575E105,11,1014,25247,25197,25197,50,5511,0,0,57,0,9,0,0,93.5,63.895,0.078,-11.764,153.3,148.1,19.76252,6784928,23.0481,294381.2,11.842,5.199997,68.64291,14.12,969.2377,969.2377,2.1,6.723809,6.723809,1.024151E+07,0.662493,444353.7,4.447474E-05,2.94642E-05,,,,,,
15221,2422,WGO,WINNEBAGO INDUSTRIES INC,'974637100,11,12803,25247,25174,25174,73,3716,0,0,53,0,2,0,0,94.2,32.332,2.06,0.514,839.9,626.8,21.63384,690775.6,1.276998,540937.2,1.546,213.1,33.60068,67.29,2260.99,2260.99,5.14,13.09144,13.09144,808075.9,0.85484,632793.5,3.418783E-05,2.922513E-05,,,,,,
39536,4428,LRN,STRIDE INC,'86333M108,11,3396,25247,25197,25197,50,8211,0,0,63,0,12,0,0,90.3,39.937,0.591,0.221,392.1,257.2,38.42656,8504889,21.65273,392786,0.37,134.9,41.54146,30.44,1264.522,1264.522,2.11,14.42654,14.42654,1.572207E+07,0.5409521,726101.2,5.292176E-05,2.862814E-05,,,,,,
39836,982,PRIM,PRIMORIS SERVICES CORP,'74164F103,11,3236,25247,25197,25197,50,1623,0,0,52,0,12,0,0,94,50.88,0.118,-0.077,818.3,743.2,20.75088,2473160,5.691344,434547.7,0.195,75.09998,53.72555,32.52,1747.155,1747.155,4.93,6.596349,6.596349,3204521,0.7717722,563051.8,3.68543E-05,2.844313E-05,,,,,,
16468,5732,LPX,LOUISIANA PACIFIC CORP,'546347105,11,12219,25247,25197,25197,50,3089,0,0,51,0,3,0,0,99.5,97.057,3.028,0.295,1017,585,52.92138,2289136,1.025141,2232996,2.733,432,102.2528,58.60999,5993.038,5993.038,7.56,7.752645,7.752645,2130417,1.074502,2078169,2.546538E-05,2.73626E-05,,,,,,
37159,5433,WLK,WESTLAKE CHEMICAL CORP,'960413102,11,4238,25247,25197,25197,50,2821,0,0,51,0,5,0,0,27.7,33.129,1.891,1.131,2357,1932,23.96239,2194680,5.605703,391508.5,0.76,425,128.133,102.42,13123.38,13123.38,6.73,15.21843,15.21843,3284042,0.6682864,585839.4,4.090266E-05,2.733469E-05,,,,,,
2402,2784,MATX,MATSON INC,'57686G105,11,12228,25247,25197,25197,50,3942,0,0,52,0,1,0,0,88.2,42.688,2.009,0.088,711.8,513.9,10.91471,30712.97,0.1451336,211618.6,1.921,197.9,43.43495,64.79,2814.151,2814.151,7.5,8.638667,8.638667,43234.25,0.7103851,297892.8,3.663971E-05,2.60283E-05,,,,,,
22629,4563,DORM,DORMAN PRODUCTS INC,'258278100,11,7621,25247,25194,25194,53,5010,0,0,53,0,9,0,0,79.9,26.773,1.021,0.704,288,257.7,4.656839,120782.5,1.511788,79893.8,0.317,30.29999,32.08258,102.93,3302.259,3302.259,4.22,24.391,24.391,181257.1,0.6663603,119895.8,3.884072E-05,2.588191E-05,,,,,,
40471,6796,PLOW,DOUGLAS DYNAMICS INC,'25960R105,11,2795,25247,25197,25197,50,3531,0,0,52,0,3,0,0,92.6,22.353,0.032,-0.442,103.3,68.2,2.017319,612545.8,6.732973,90977.02,0.474,35.10001,22.9546,43.35,995.0818,995.0818,1.99,21.78392,21.78392,570123.5,1.074409,84676.34,2.382388E-05,2.559659E-05,,,,,,
37033,664,MGI,MONEYGRAM INTERNATIONAL INC,'60935Y208,11,4266,25247,25197,25197,50,7389,0,0,52,0,12,0,0,51.5,73.047,-0.193,-0.278,310.1,290.9,56.38126,3.339356E+08,125.2155,2666888,0.08499999,19.20001,79.67112,9.68,771.2165,771.2165,0.66,14.66667,14.66667,3.055931E+08,1.092746,2440538,2.310198E-05,2.52446E-05,,,,,,
43189,3328,ALV,AUTOLIV INC,'052800109,11,6071,25247,25197,25197,50,3714,0,0,53,0,2,0,0,46.6,87.268,1.796,0.857,2242,1845.8,12.63518,4319702,12.75339,338710.2,0.939,396.2,87.42463,105.51,9224.172,9224.172,6.030001,17.49751,17.49751,5325884,0.811077,417605.5,3.025627E-05,2.454016E-05,,,,,,
5033,1590,EVTC,EVERTEC INC,'30040P103,11,2056,25247,25197,25197,50,7374,0,0,52,0,6,0,0,82.7,60.003,0.492,0.309,139.5,121.9,11.45233,4491336,18.2281,246396.3,0.183,17.6,72.16351,44.09,3181.689,3181.689,2.24,19.68303,19.68303,6464010,0.6948219,354617.9,3.229484E-05,2.243916E-05,,,,,,
31098,4598,NSP,INSPERITY INC,'45778Q107,11,6132,25247,25197,25197,50,7363,0,0,52,0,12,0,0,91.8,36.055,1.615,1.591,1286.8,1229.5,6.7945,673415.2,3.149618,213808.6,0.02400005,57.30005,38.6749,92.52449,3578.375,3578.375,4.41,20.98061,20.98061,803248.9,0.8383643,255030.6,2.66419E-05,2.233562E-05,,,,,,
41457,38,IGT,INTERNATIONAL GAME TECHNOLOGY,'G4863A108,12,1557,25247,25197,25197,50,7999,0,0,53,0,12,0,0,44.1,99.082,0.449,-1.213,1015,814,66.49077,9.587878E+07,62.75064,1527933,1.662,201,204.8555,25.24,5170.552,5170.552,3.51,7.190883,7.190883,1.349757E+08,0.7103412,2150985,3.091178E-05,2.195791E-05,,,,,,
5768,26,TKR,TIMKEN COMPANY THE,'887389104,11,24043,25247,25197,25197,50,3562,0,0,52,0,3,0,0,82.7,66.643,1.494,1.069,1025.4,923.4,12.55891,7863.868,0.01740366,451851.3,0.425,102,75.98387,84.74001,6438.874,6438.874,4.54,18.6652,18.6652,9066.48,0.8673562,520952.4,2.41076E-05,2.090988E-05,,,,,,
29090,8759,AEIS,ADVANCED ENERGY INDUSTRIES INC,'007973100,11,6434,25247,25197,25197,50,3670,0,0,57,0,6,0,0,98.7,37.947,1.009,0.471,351.6,315.5,7.538319,1940873,8.764609,221444.3,0.538,36.10001,38.41583,104.55,4016.375,4016.375,4.76,21.96428,21.96428,2478845,0.7829748,282824.3,2.665371E-05,2.086919E-05,,,,,,
36129,3847,OSTK,OVERSTOCK COM INC,'690370101,11,4792,25247,25197,25197,50,5999,0,0,57,0,9,0,0,72.2,42.621,0.335,-0.402,659.9,339.6,55.66298,1.303645E+07,10.32995,1262005,0.737,320.3,43.00671,90.16,3877.484,3877.484,6.03,14.95191,14.95191,1.908904E+07,0.6829288,1847931,3.012179E-05,2.057103E-05,,,,,,
5537,2617,TCS,CONTAINER STORE THE,'210751103,11,1914,25247,25198,25198,49,2519,0,0,53,0,2,0,0,83.6,30.632,0.721,0.259,314.7,241.3,28.00369,2.193948E+07,36.11615,607470,0.462,73.40001,50.48498,13.85,699.217,699.217,2.46,5.630081,5.630081,3.308271E+07,0.6631705,916008.8,3.057142E-05,2.027407E-05,,,,,,
45096,1963,SWBI,SMITH & WESSON BRANDS INC,'831754106,11,4664,25247,25155,25155,92,3480,0,0,53,0,3,0,0,58,51.676,1.132,0.104,257.6,127.4,38.38293,2006753,1.732103,1158564,1.028,130.2,53.24989,21.22,1129.963,1129.963,5.22,4.065134,4.065134,2590790,0.774572,1495748,2.566136E-05,1.987657E-05,,,,,,
36399,3187,GLNG,GOLAR LNG LTD,'G9456A100,12,4655,25247,25197,25197,50,4412,0,0,50,0,12,0,0,72.9,92.982,0.231,-1.057,125.8,122.6,43.27234,3648332,2.836799,1286073,1.288,3.200005,109.9457,13.31,1463.377,1463.377,1.82,7.313187,7.313187,4804686,0.7593278,1693700,2.5549E-05,1.940007E-05,,,,,,
19897,272,KBH,KB HOME,'48666K109,11,8786,25247,25174,25174,73,1731,0,0,53,0,12,0,0,90.7,75.845,1.053,0.661,1141.7,1075.9,29.18657,2312608,1.918214,1205605,0.392,65.79993,92.03139,43.81,4031.895,4031.895,1.78,24.61236,24.61236,2595045,0.8911632,1352844,2.157423E-05,1.922616E-05,,,,,,
772,1503,VIVO,MERIDIAN BIOSCIENCE INC,'589584101,11,8789,25247,25136,25136,111,2835,0,0,56,0,10,0,0,98.5,43.095,0.621,0.066,92.9,47.4,11.08123,438474.2,0.5891702,744223.2,0.555,45.5,43.32985,20.65,894.7614,894.7614,1.44,14.34028,14.34028,395040.6,1.109947,670503.2,1.652674E-05,1.83438E-05,,,,,,
34418,1346,PKG,PACKAGING CORP OF AMERICA,'695156109,11,5376,25247,25197,25197,50,2653,0,0,51,0,3,0,0,92.4,93.414,1.754,1.496,1807.2,1708.7,7.066059,4204112,5.721023,734853.2,0.2579999,98.5,95.00678,143.83,13664.83,13664.83,7.02,20.48861,20.48861,3155531,1.3323,551567.6,1.281087E-05,1.706791E-05,,,,,,
2942,1801,GORO,GOLD RESOURCE CORP,'38068T105,11,2714,25247,25197,25197,50,1041,0,0,51,0,12,0,0,40.8,73.39,0.034,-0.047,27.3,22.1,14.94143,9306498,8.920207,1043305,0.081,5.199999,74.43262,2.96,220.3206,220.3206,0.29,10.2069,10.2069,8701615,1.069514,975494.8,1.531677E-05,1.63815E-05,,,,,,
25145,5878,SPNS,SAPIENS INTERNATIONAL CORP N V,'G7T16G103,12,6407,25247,25197,25197,50,7370,0,0,57,0,6,0,0,26,28.924,0.18,0.136,109.6,90.5,1.606286,6944727,50.22991,138258.8,0.044,19.1,54.6786,27.58,1508.036,1508.036,1.15,23.98261,23.98261,5984596,1.160434,119144.1,1.348188E-05,1.564482E-05,,,,,,
39282,1730,VMW,VMWARE INC CL A,'928563402,11,3481,25247,25155,25155,92,7372,0,0,57,0,6,0,0,70.5,79.957,1.883,0.772,3294,3073,16.31482,4.410787E+07,37.89468,1163960,1.111,221,111.8878,164.19,18370.87,18370.87,9.64,17.03216,17.03216,4.187383E+07,1.053352,1105006,1.476446E-05,1.555217E-05,,,,,,
42753,8955,FNKO,FUNKO INC CL A,'361008105,11,906,25247,25197,25197,50,3944,0,0,53,0,1,0,0,85.8,21.015,0.18,-0.118,189.2,136.7,121.8957,5819147,6.992111,832244.6,0.298,52.5,50.04255,23.41,1171.496,1171.496,2.41,9.713694,9.713694,1.858188E+07,0.3131624,2657550,4.586772E-05,1.436404E-05,,,,,,
37624,5939,LHCG,LHC GROUP,'50187A107,11,4029,25247,25197,25197,50,8093,0,0,56,0,10,0,0,93.8,30.259,1.112,0.71,524.8,512.9,2.339923,2541507,16.3103,155822.2,0.402,11.89996,31.66632,204.25,6467.847,6467.847,17.26,11.83372,11.83372,2628811,0.9667897,161174.9,1.451792E-05,1.403577E-05,,,,,,
18631,5379,AGX,ARGAN INC,'04010E109,11,3475,25247,25155,25155,92,6719,0,0,52,0,11,0,0,86.6,15.031,0.609,-0.46,117.2,68,0.7198453,3630220,31.90457,113783.7,1.069,49.2,15.7667,48,756.8015,756.8015,7.99,6.00751,6.00751,2693509,1.347766,84423.92,8.526556E-06,1.14918E-05,,,,,,
41619,8771,ENR,ENERGIZER HOLDINGS INC,'29272W109,11,1497,25247,25197,25197,50,3692,0,0,52,0,6,0,0,88.9,63.325,-0.209,-1.763,685.1,587,5.458605,7598465,14.58725,520897.7,1.554,98.09998,68.36837,44.7,3056.066,3056.066,2.29,19.51965,19.51965,7370522,1.030926,505271.5,1.080331E-05,1.113742E-05,,,,,,
29484,5201,SPH,SUBURBAN PROPANE PARTNERS L P,'864482104,71,6364,25247,25194,25194,53,1623,0,0,50,0,12,0,0,30.2,61.192,2.028,1.241,537.2,401.1,4.994833,568392.3,1.932493,294123.9,0.7870001,136.1,62.53028,15.38,961.7158,961.7158,1.61,9.552795,9.552795,735037.1,0.7732839,380357,1.313196E-05,1.015474E-05,,,,,,
40987,8403,AY,ATLANTICA SUSTAINABLE INFRASTRUCTURE PLC,'G0751N103,12,1761,25247,25197,25197,50,4911,0,0,59,0,8,0,0,50.3,65.336,-0.174,-0.399,235.2,210.4,14.96855,1.539353E+07,25.67903,599459.2,0.225,24.8,110.693,37.31,4129.956,4129.956,3.1,12.03548,12.03548,2.908191E+07,0.5293165,1132516,1.321708E-05,6.996018E-06,,,,,,
32290,3287,PRDO,PERDOCEO EDUCATION CORP,'71363P106,11,5880,25247,25197,25197,50,8200,0,0,63,0,12,0,0,92.8,69.737,0.438,0.417,183.6,171,2.57442,710922.1,2.040671,348376.7,0.021,12.60001,70.4376,12.75,898.0793,898.0793,2.33,5.472102,5.472102,941268.5,0.7552809,461254.5,5.581344E-06,4.215482E-06,,,,,,
42699,7220,CARG,CARGURUS INC CL A,'141788109,11,921,25247,25197,25197,50,8999,0,0,57,0,12,0,0,96.5,92.444,0.192,0.113,171.4,157.7,3.415632,2.763694E+07,27.29291,1012605,0.079,13.7,117.0705,25.13,2941.983,2941.983,1.64,15.32317,15.32317,3.502068E+07,0.7891606,1283142,2.661928E-06,2.100689E-06,,,,,,
5195,7700,GOGO,GOGO INC,'38046C109,11,2007,25247,25197,25197,50,9999,0,0,57,0,12,0,0,48.4,79.22,-0.091,-1.044,73.9,70.9,3.113878,3.699297E+07,15.95643,2318374,0.953,3,109.6106,11.59,1270.387,1270.387,2.15,5.390698,5.390698,3.097851E+07,1.194149,1941444,1.603898E-06,1.915294E-06,,,,,,
31603,827,SRT,STARTEK INC,'85569C107,11,6034,25247,25197,25197,50,7363,0,0,52,0,12,0,0,17.8,11.97,-0.299,-0.689,163.1,160.9,0.1283646,600215.3,10.18694,58920.1,0.39,2.200012,40.77845,7.8,318.0719,318.0719,1.15,6.782608,6.782608,735136.2,0.8164682,72164.6,1.778775E-06,1.452313E-06,,,,,,
44699,896,REYN,REYNOLDS CONSUMER PRODUCTS INC,'76171L106,11,343,25247,25197,25197,50,3089,0,0,53,0,3,0,0,27.7,54.198,0.353,0.138,757,730,0.9460688,1.099422E+07,26.18095,419931.9,0.215,27,209.7592,30.66,6431.218,6431.218,1.42,21.59155,21.59155,1.376538E+07,0.798686,525778.5,1.799368E-06,1.43713E-06,,,,,,
39831,3722,HOLI,HOLLYSYS AUTOMATION TECHNOLOGIES LTD,'G45667105,12,3237,25247,25197,25197,50,3620,0,0,52,0,3,0,0,85.5,55.576,0.262,0.229,109.9,80.8,0.715816,989572.8,5.732732,172618,0.03299999,29.1,61.27757,14.07,862.1753,862.1753,1.51,9.31788,9.31788,1693913,0.5841934,295480.9,2.422546E-06,1.415235E-06,,,,,,
43182,9376,TBIO,TRANSLATE BIO INC,'89374L104,11,743,25247,25197,25197,50,2834,0,0,56,0,10,0,0,90.1,68.424,0.353,-0.238,34.6,4.7,2.589929,6766218,11.27644,600031.4,0.591,29.9,75.23319,21.39,1609.238,1609.238,3.36,6.366071,6.366071,1.2446E+07,0.5436459,1103717,2.346551E-06,1.275693E-06,,,,,,